LinkID,Location,MaximumSpeed,MinimumSpeed,RoadCategory,RoadName,SpeedBand,Extract Time
103000000,1.3170142376560023 103.85298052044503 1.3166840028663076 103.85259882242372,59,50,E,KENT ROAD,6,"10/15/2022, 06:55:38"
103000010,1.3166507852203482 103.84102305136321 1.316912438354752 103.84022564204443,29,20,E,BUCKLEY ROAD,3,"10/15/2022, 06:55:38"
103000011,1.316912438354752 103.84022564204443 1.3166507852203482 103.84102305136321,29,20,E,BUCKLEY ROAD,3,"10/15/2022, 06:55:38"
103000014,1.3186726294030418 103.84700267615683 1.3180212058893457 103.84711392225329,49,40,E,SHREWSBURY ROAD,5,"10/15/2022, 06:55:38"
103000015,1.3180212058893457 103.84711392225329 1.3186726294030418 103.84700267615683,39,30,E,SHREWSBURY ROAD,4,"10/15/2022, 06:55:38"
103000018,1.3157770120574521 103.84426743639843 1.3159796416371992 103.84479180450104,49,40,E,JALAN KORMA,5,"10/15/2022, 06:55:38"
103000019,1.3159796416371992 103.84479180450104 1.3157770120574521 103.84426743639843,49,40,E,JALAN KORMA,5,"10/15/2022, 06:55:38"
103000022,1.3157638139947652 103.85346718361517 1.3159850985084538 103.8540099459191,39,30,E,SING AVENUE,4,"10/15/2022, 06:55:38"
103000023,1.3159850985084538 103.8540099459191 1.3157638139947652 103.85346718361517,39,30,E,SING AVENUE,4,"10/15/2022, 06:55:38"
103000026,1.3193495076454247 103.84576595796847 1.3193341206043803 103.84649970636902,49,40,E,MOULMEIN RISE,5,"10/15/2022, 06:55:38"
103000027,1.3193341206043803 103.84649970636902 1.3193495076454247 103.84576595796847,39,30,E,MOULMEIN RISE,4,"10/15/2022, 06:55:38"
103000030,1.3187614079491163 103.84584773223746 1.3184775003743368 103.845922903644,39,30,E,SINARAN DRIVE,4,"10/15/2022, 06:55:38"
103000031,1.3184775003743368 103.845922903644 1.3187614079491163 103.84584773223746,49,40,E,SINARAN DRIVE,5,"10/15/2022, 06:55:38"
103000034,1.3095165181658415 103.85444503278327 1.3102490949407017 103.85489147379481,69,60,E,LEMBU ROAD,7,"10/15/2022, 06:55:38"
103000035,1.3102490949407017 103.85489147379481 1.3095165181658415 103.85444503278327,59,50,E,LEMBU ROAD,6,"10/15/2022, 06:55:38"
103000036,1.3095165181658415 103.85444503278327 1.3098257335080767 103.85396567774879,39,30,E,DESKER ROAD,4,"10/15/2022, 06:55:38"
103000040,1.3094817613742067 103.85571657719505 1.3100415318076366 103.85617487784177,39,30,D,VERDUN ROAD,4,"10/15/2022, 06:55:38"
103000044,1.3102490949407017 103.85489147379481 1.3094817613742067 103.85571657719505,69,60,E,SYED ALWI ROAD,7,"10/15/2022, 06:55:38"
103000050,1.3040240949630044 103.82435328722222 1.3035181120546362 103.82439062361162,29,20,E,ORCHARD SPRING LANE,3,"10/15/2022, 06:55:38"
103000051,1.3035181120546362 103.82439062361162 1.3040240949630044 103.82435328722222,29,20,E,ORCHARD SPRING LANE,3,"10/15/2022, 06:55:38"
103000054,1.2977954689273836 103.81184137776128 1.2979363108403927 103.81139535719257,19,10,E,KAY SIANG ROAD,2,"10/15/2022, 06:55:38"
103000055,1.2979363108403927 103.81139535719257 1.2977954689273836 103.81184137776128,29,20,E,KAY SIANG ROAD,3,"10/15/2022, 06:55:38"
103000056,1.3235238431328136 103.8508428681823 1.3241924351833945 103.85149036161232,999,70,E,MARTABAN ROAD,8,"10/15/2022, 06:55:38"
103000062,1.3235238431328136 103.8508428681823 1.3242848802266947 103.85008775600024,999,70,E,MARTABAN ROAD,8,"10/15/2022, 06:55:38"
103000063,1.3242848802266947 103.85008775600024 1.3235238431328136 103.8508428681823,999,70,E,MARTABAN ROAD,8,"10/15/2022, 06:55:38"
103000066,1.319450709571759 103.84838600107199 1.3202305802943324 103.84823264087314,39,30,E,JALAN TAN TOCK SENG,4,"10/15/2022, 06:55:38"
103000067,1.3202305802943324 103.84823264087314 1.319450709571759 103.84838600107199,39,30,E,JALAN TAN TOCK SENG,4,"10/15/2022, 06:55:38"
103000068,1.3020505931348514 103.84753501033079 1.3020981998994814 103.84735684695016,39,30,E,SOPHIA ROAD,4,"10/15/2022, 06:55:38"
103000072,1.3020478491197238 103.85929118664532 1.3024623974822258 103.85961424505442,29,20,E,MUSCAT STREET,3,"10/15/2022, 06:55:38"
103000078,1.3479138498233316 103.6923894384768 1.3491170726830268 103.69342360283092,999,70,A,PAN ISLAND EXPRESSWAY,8,"10/15/2022, 06:55:38"
103000079,1.3491170726830268 103.69342360283092 1.3479138498233316 103.6923894384768,999,70,A,PAN ISLAND EXPRESSWAY,8,"10/15/2022, 06:55:38"
103000080,1.3436196253925365 103.78499221155269 1.3431444683048892 103.78388724345461,999,70,A,PAN ISLAND EXPRESSWAY,8,"10/15/2022, 06:55:38"
103000086,1.3009014346769388 103.90150591557894 1.3000155854751687 103.90006277560406,29,20,C,AMBER ROAD,3,"10/15/2022, 06:55:38"
103000087,1.3000155854751687 103.90006277560406 1.3009014346769388 103.90150591557894,39,30,C,AMBER ROAD,4,"10/15/2022, 06:55:38"
103000090,1.3795549789334551 103.83982137005759 1.3778764702530613 103.83969577191468,39,30,C,ANG MO KIO AVENUE 4,4,"10/15/2022, 06:55:38"
103000091,1.3778764702530613 103.83969577191468 1.3795549789334551 103.83982137005759,49,40,C,ANG MO KIO AVENUE 4,5,"10/15/2022, 06:55:38"
103000094,1.302018104115238 103.82687869301155 1.3025271098303324 103.82774617488765,29,20,E,JALAN TUPAI,3,"10/15/2022, 06:55:38"
103000095,1.3025271098303324 103.82774617488765 1.302018104115238 103.82687869301155,49,40,E,JALAN TUPAI,5,"10/15/2022, 06:55:38"
103000098,1.3034535281731428 103.82621354051224 1.302018104115238 103.82687869301155,39,30,D,TOMLINSON ROAD,4,"10/15/2022, 06:55:38"
103000099,1.302018104115238 103.82687869301155 1.3034535281731428 103.82621354051224,29,20,D,TOMLINSON ROAD,3,"10/15/2022, 06:55:38"
103000106,1.3185208604394962 103.8497306240015 1.3182839067307601 103.8484896779184,999,70,E,SHREWSBURY ROAD,8,"10/15/2022, 06:55:38"
103000107,1.3182839067307601 103.8484896779184 1.3185208604394962 103.8497306240015,29,20,E,SHREWSBURY ROAD,3,"10/15/2022, 06:55:38"
103000110,1.2771369059505562 103.81040355919788 1.277633353991097 103.80909264308315,39,30,D,TELOK BLANGAH HEIGHTS,4,"10/15/2022, 06:55:38"
103000111,1.277633353991097 103.80909264308315 1.2771369059505562 103.81040355919788,39,30,D,TELOK BLANGAH HEIGHTS,4,"10/15/2022, 06:55:38"
103000114,1.277633353991097 103.80909264308315 1.2780189431917124 103.80767112662544,39,30,D,TELOK BLANGAH HEIGHTS,4,"10/15/2022, 06:55:38"
103000115,1.2780189431917124 103.80767112662544 1.277633353991097 103.80909264308315,39,30,D,TELOK BLANGAH HEIGHTS,4,"10/15/2022, 06:55:38"
103000118,1.2765900388648779 103.81171237266507 1.276042945010033 103.81302172471231,29,20,D,TELOK BLANGAH HEIGHTS,3,"10/15/2022, 06:55:38"
103000119,1.276042945010033 103.81302172471231 1.2765900388648779 103.81171237266507,39,30,D,TELOK BLANGAH HEIGHTS,4,"10/15/2022, 06:55:38"
103000122,1.350438528643087 103.69440892471033 1.3517801862142893 103.69536755921838,999,70,A,PAN ISLAND EXPRESSWAY,8,"10/15/2022, 06:55:38"
103000123,1.3517801862142893 103.69536755921838 1.350438528643087 103.69440892471033,999,70,A,PAN ISLAND EXPRESSWAY,8,"10/15/2022, 06:55:38"
103000124,1.3022604164237386 103.88515409863628 1.3020018334230383 103.88506135448995,39,30,F,WILKINSON ROAD,4,"10/15/2022, 06:55:38"
103000128,1.3021332006151927 103.84859614838282 1.3019803247888424 103.84892228360394,19,10,E,WILKIE ROAD,2,"10/15/2022, 06:55:38"
103000134,1.3023326560971626 103.8192445570385 1.3019259729917443 103.8193666357108,39,30,D,CAMP ROAD,4,"10/15/2022, 06:55:38"
103000135,1.3019259729917443 103.8193666357108 1.3023326560971626 103.8192445570385,39,30,D,CAMP ROAD,4,"10/15/2022, 06:55:38"
103000138,1.3019154913408086 103.82562409886084 1.3021005061138486 103.82556786730588,59,50,E,LENGKOK MERAK,6,"10/15/2022, 06:55:38"
103000139,1.3021005061138486 103.82556786730588 1.3019154913408086 103.82562409886084,59,50,E,LENGKOK MERAK,6,"10/15/2022, 06:55:38"
103000142,1.30277750949525 103.81714881291575 1.301902777906714 103.81671018445115,39,30,E,TANGLIN WALK,4,"10/15/2022, 06:55:38"
103000143,1.301902777906714 103.81671018445115 1.30277750949525 103.81714881291575,39,30,E,TANGLIN WALK,4,"10/15/2022, 06:55:38"
103000146,1.301902777906714 103.81671018445115 1.3020760157371165 103.81636988608547,39,30,E,TANGLIN HILL,4,"10/15/2022, 06:55:38"
103000147,1.3020760157371165 103.81636988608547 1.301902777906714 103.81671018445115,19,10,E,TANGLIN HILL,2,"10/15/2022, 06:55:38"
103000148,1.3020505931348514 103.84753501033079 1.3018924565367096 103.84742450630118,39,30,E,SOPHIA ROAD,4,"10/15/2022, 06:55:38"
103000152,1.3018924565367096 103.84742450630118 1.3020981998994814 103.84735684695016,29,20,E,ADIS ROAD,3,"10/15/2022, 06:55:38"
103000156,1.3018714301953633 103.84120126880777 1.3024590972915757 103.84059908315483,999,70,B,KRAMAT ROAD,8,"10/15/2022, 06:55:38"
103000162,1.3223315936500188 103.84782453064221 1.323225112339397 103.84825791705197,49,40,E,AKYAB ROAD,5,"10/15/2022, 06:55:38"
103000163,1.323225112339397 103.84825791705197 1.3223315936500188 103.84782453064221,39,30,E,AKYAB ROAD,4,"10/15/2022, 06:55:38"
103000166,1.3158766228467986 103.8525278217439 1.3154336431941307 103.853008273284,39,30,E,OXFORD ROAD,4,"10/15/2022, 06:55:38"
103000167,1.3154336431941307 103.853008273284 1.3158766228467986 103.8525278217439,39,30,E,OXFORD ROAD,4,"10/15/2022, 06:55:38"
103000170,1.315899168782131 103.85944206093603 1.3154021442041506 103.85980837679445,999,70,E,KEMPAS ROAD,8,"10/15/2022, 06:55:38"
103000171,1.3154021442041506 103.85980837679445 1.315899168782131 103.85944206093603,999,70,E,KEMPAS ROAD,8,"10/15/2022, 06:55:38"
103000174,1.3157770120574521 103.84426743639843 1.3156603053759763 103.84390320841796,19,10,E,JALAN KORMA,2,"10/15/2022, 06:55:38"
103000175,1.3156603053759763 103.84390320841796 1.3157770120574521 103.84426743639843,19,10,E,JALAN KORMA,2,"10/15/2022, 06:55:38"
103000176,1.3098922536055888 103.83345390955975 1.3097312042342106 103.83404900921593,39,30,F,STEVENS ROAD,4,"10/15/2022, 06:55:38"
103000182,1.3095892684441353 103.82839685211003 1.3097460950865234 103.82879350703922,19,10,D,ARDMORE PARK,2,"10/15/2022, 06:55:38"
103000183,1.3097460950865234 103.82879350703922 1.3095892684441353 103.82839685211003,49,40,D,ARDMORE PARK,5,"10/15/2022, 06:55:38"
103000186,1.3095892684441353 103.82839685211003 1.3102253421678596 103.82740509577657,29,20,D,ARDMORE PARK,3,"10/15/2022, 06:55:38"
103000187,1.3102253421678596 103.82740509577657 1.3095892684441353 103.82839685211003,39,30,D,ARDMORE PARK,4,"10/15/2022, 06:55:38"
103000190,1.310468565405978 103.8376076936921 1.3095693665135413 103.8362897642633,19,10,E,ANTHONY ROAD,2,"10/15/2022, 06:55:38"
103000191,1.3095693665135413 103.8362897642633 1.310468565405978 103.8376076936921,49,40,E,ANTHONY ROAD,5,"10/15/2022, 06:55:38"
103000194,1.3095693665135413 103.8362897642633 1.310692335045372 103.83555854453066,39,30,C,CAIRNHILL ROAD,4,"10/15/2022, 06:55:38"
103000195,1.310692335045372 103.83555854453066 1.3095693665135413 103.8362897642633,49,40,C,CAIRNHILL ROAD,5,"10/15/2022, 06:55:38"
103000198,1.3156794372910703 103.85925389319206 1.315899168782131 103.85944206093603,69,60,E,KEMPAS ROAD,7,"10/15/2022, 06:55:38"
103000199,1.315899168782131 103.85944206093603 1.3156794372910703 103.85925389319206,39,30,E,KEMPAS ROAD,4,"10/15/2022, 06:55:38"
103000202,1.3778764702530613 103.83969577191468 1.377082366481272 103.8395587643731,29,20,C,ANG MO KIO AVENUE 4,3,"10/15/2022, 06:55:38"
103000203,1.377082366481272 103.8395587643731 1.3778764702530613 103.83969577191468,49,40,C,ANG MO KIO AVENUE 4,5,"10/15/2022, 06:55:38"
103000206,1.3765237228546703 103.83946526641823 1.377082366481272 103.8395587643731,49,40,C,ANG MO KIO AVENUE 4,5,"10/15/2022, 06:55:38"
103000207,1.377082366481272 103.8395587643731 1.3765237228546703 103.83946526641823,29,20,C,ANG MO KIO AVENUE 4,3,"10/15/2022, 06:55:38"
103000210,1.3835254500944634 103.83770121892717 1.38338023612439 103.83781517599795,29,20,C,ANG MO KIO AVENUE 4,3,"10/15/2022, 06:55:38"
103000211,1.38338023612439 103.83781517599795 1.3835254500944634 103.83770121892717,49,40,C,ANG MO KIO AVENUE 4,5,"10/15/2022, 06:55:38"
103000214,1.38338023612439 103.83781517599795 1.3822793699880447 103.83863653439964,29,20,C,ANG MO KIO AVENUE 4,3,"10/15/2022, 06:55:38"
103000215,1.3822793699880447 103.83863653439964 1.38338023612439 103.83781517599795,49,40,C,ANG MO KIO AVENUE 4,5,"10/15/2022, 06:55:38"
103000218,1.3840112390167347 103.83732856251386 1.3835254500944634 103.83770121892717,29,20,C,ANG MO KIO AVENUE 4,3,"10/15/2022, 06:55:38"
103000219,1.3835254500944634 103.83770121892717 1.3840112390167347 103.83732856251386,49,40,C,ANG MO KIO AVENUE 4,5,"10/15/2022, 06:55:38"
103000222,1.3777027981180603 103.84756217854924 1.3771978910136298 103.84765705588656,39,30,C,ANG MO KIO AVENUE 8,4,"10/15/2022, 06:55:38"
103000223,1.3771978910136298 103.84765705588656 1.3777027981180603 103.84756217854924,29,20,C,ANG MO KIO AVENUE 8,3,"10/15/2022, 06:55:38"
103000226,1.3771978910136298 103.84765705588656 1.376730487972268 103.84773795161581,19,10,C,ANG MO KIO AVENUE 8,2,"10/15/2022, 06:55:38"
103000227,1.376730487972268 103.84773795161581 1.3771978910136298 103.84765705588656,29,20,C,ANG MO KIO AVENUE 8,3,"10/15/2022, 06:55:38"
103000228,1.3133901063939397 103.85032404665321 1.3129765172117367 103.84974217909104,19,10,D,DORSET ROAD,2,"10/15/2022, 06:55:38"
103000234,1.3839740978654103 103.84313695546383 1.3838894069258951 103.8424480441498,29,20,D,ANG MO KIO AVENUE 9,3,"10/15/2022, 06:55:38"
103000235,1.3838894069258951 103.8424480441498 1.3839740978654103 103.84313695546383,49,40,D,ANG MO KIO AVENUE 9,5,"10/15/2022, 06:55:38"
103000238,1.317103654150258 103.84888640803763 1.3164233526759435 103.84775689847758,59,50,B,NORFOLK ROAD,6,"10/15/2022, 06:55:38"
103000239,1.3164233526759435 103.84775689847758 1.317103654150258 103.84888640803763,49,40,B,NORFOLK ROAD,5,"10/15/2022, 06:55:38"
103000242,1.3748784522832425 103.83811376463666 1.3755371440113777 103.8390063090149,49,40,C,ANG MO KIO AVENUE 4,5,"10/15/2022, 06:55:38"
103000243,1.3755371440113777 103.8390063090149 1.3748784522832425 103.83811376463666,19,10,C,ANG MO KIO AVENUE 4,2,"10/15/2022, 06:55:38"
103000246,1.3112406329656845 103.82143582576197 1.3118940935550105 103.82204317904964,29,20,D,NASSIM ROAD,3,"10/15/2022, 06:55:38"
103000247,1.3118940935550105 103.82204317904964 1.3112406329656845 103.82143582576197,19,10,D,NASSIM ROAD,2,"10/15/2022, 06:55:38"
103000254,1.3134139917128311 103.82959840334954 1.3129593497249092 103.82975943310102,49,40,E,BALMORAL PARK,5,"10/15/2022, 06:55:38"
103000255,1.3129593497249092 103.82975943310102 1.3134139917128311 103.82959840334954,49,40,E,BALMORAL PARK,5,"10/15/2022, 06:55:38"
103000258,1.3131328782183662 103.82911750896497 1.3129593497249092 103.82975943310102,49,40,C,STEVENS ROAD,5,"10/15/2022, 06:55:38"
103000259,1.3129593497249092 103.82975943310102 1.3131328782183662 103.82911750896497,49,40,C,STEVENS ROAD,5,"10/15/2022, 06:55:38"
103000260,1.3128994765010902 103.85727722633219 1.3134069573818214 103.85667709880157,39,30,E,PETAIN ROAD,4,"10/15/2022, 06:55:38"
103000266,1.3135704480430792 103.8305390230549 1.3129593497249092 103.82975943310102,49,40,D,BALMORAL ROAD,5,"10/15/2022, 06:55:38"
103000267,1.3129593497249092 103.82975943310102 1.3135704480430792 103.8305390230549,39,30,D,BALMORAL ROAD,4,"10/15/2022, 06:55:38"
103000270,1.3129593497249092 103.82975943310102 1.3129482532197405 103.82979421597224,49,40,C,STEVENS ROAD,5,"10/15/2022, 06:55:38"
103000271,1.3129482532197405 103.82979421597224 1.3129593497249092 103.82975943310102,49,40,C,STEVENS ROAD,5,"10/15/2022, 06:55:38"
103000276,1.3131522033523786 103.84591215724936 1.3129397527298754 103.8453609319561,49,40,F,KAMPONG JAVA ROAD,5,"10/15/2022, 06:55:38"
103000282,1.3128915402722743 103.8435107552494 1.3134502209463657 103.8434271564376,39,30,B,KAMPONG JAVA ROAD,4,"10/15/2022, 06:55:38"
103000283,1.3134502209463657 103.8434271564376 1.3128915402722743 103.8435107552494,39,30,B,KAMPONG JAVA ROAD,4,"10/15/2022, 06:55:38"
103000290,1.3133115247400988 103.85513650754488 1.3128657945370725 103.85467601502488,39,30,D,RACE COURSE ROAD,4,"10/15/2022, 06:55:38"
103000291,1.3128657945370725 103.85467601502488 1.3133115247400988 103.85513650754488,39,30,D,RACE COURSE ROAD,4,"10/15/2022, 06:55:38"
103000292,1.3112814046832442 103.8745843404284 1.3128669001147928 103.8740481840283,39,30,E,LORONG 3 GEYLANG,4,"10/15/2022, 06:55:38"
103000298,1.311265024985496 103.83361404903052 1.3114126715258738 103.83387874363073,49,40,E,GOODWOOD HILL,5,"10/15/2022, 06:55:38"
103000299,1.3114126715258738 103.83387874363073 1.311265024985496 103.83361404903052,999,70,E,GOODWOOD HILL,8,"10/15/2022, 06:55:38"
103000300,1.3115941685350712 103.83315772987676 1.311265024985496 103.83361404903052,49,40,F,STEVENS ROAD,5,"10/15/2022, 06:55:38"
103000306,1.3112406329656845 103.82143582576197 1.3116597146848918 103.8212526635276,29,20,D,NASSIM ROAD,3,"10/15/2022, 06:55:38"
103000307,1.3116597146848918 103.8212526635276 1.3112406329656845 103.82143582576197,29,20,D,NASSIM ROAD,3,"10/15/2022, 06:55:38"
103000310,1.311229840433147 103.84910566257994 1.311802597676934 103.84973058015619,19,10,E,RUTLAND ROAD,2,"10/15/2022, 06:55:38"
103000311,1.311802597676934 103.84973058015619 1.311229840433147 103.84910566257994,49,40,E,RUTLAND ROAD,5,"10/15/2022, 06:55:38"
103000312,1.3113680558354108 103.8488917458808 1.311229840433147 103.84910566257994,39,30,E,RUTLAND ROAD,4,"10/15/2022, 06:55:38"
103000316,1.292423970537279 103.86259120957735 1.2912349150968774 103.8623028359393,59,50,F,OPHIR ROAD,6,"10/15/2022, 06:55:38"
103000324,1.2912309351425506 103.86236811495664 1.2918238027402373 103.86295353079224,59,50,F,RAFFLES BOULEVARD,6,"10/15/2022, 06:55:38"
103000330,1.3739406188810974 103.83737872197739 1.3748784522832425 103.83811376463666,49,40,C,ANG MO KIO AVENUE 4,5,"10/15/2022, 06:55:38"
103000331,1.3748784522832425 103.83811376463666 1.3739406188810974 103.83737872197739,19,10,C,ANG MO KIO AVENUE 4,2,"10/15/2022, 06:55:38"
103000334,1.3694747355079808 103.84946957875535 1.369024197584065 103.84972450005914,29,20,C,ANG MO KIO AVENUE 8,3,"10/15/2022, 06:55:38"
103000335,1.369024197584065 103.84972450005914 1.3694747355079808 103.84946957875535,39,30,C,ANG MO KIO AVENUE 8,4,"10/15/2022, 06:55:38"
103000338,1.370561839669548 103.84885708436424 1.3696927152524048 103.84934676362796,29,20,C,ANG MO KIO AVENUE 8,3,"10/15/2022, 06:55:38"
103000339,1.3696927152524048 103.84934676362796 1.370561839669548 103.84885708436424,39,30,C,ANG MO KIO AVENUE 8,4,"10/15/2022, 06:55:38"
103000342,1.3696927152524048 103.84934676362796 1.3694747355079808 103.84946957875535,29,20,C,ANG MO KIO AVENUE 8,3,"10/15/2022, 06:55:38"
103000343,1.3694747355079808 103.84946957875535 1.3696927152524048 103.84934676362796,39,30,C,ANG MO KIO AVENUE 8,4,"10/15/2022, 06:55:38"
103000346,1.3239673531148124 103.92722444692839 1.3236245437060072 103.92726159815368,39,30,C,BEDOK NORTH AVENUE 1,4,"10/15/2022, 06:55:38"
103000347,1.3236245437060072 103.92726159815368 1.3239673531148124 103.92722444692839,39,30,C,BEDOK NORTH AVENUE 1,4,"10/15/2022, 06:55:38"
103000350,1.3240846767490342 103.92720949943045 1.3244923386287593 103.9271573268364,39,30,C,BEDOK NORTH AVENUE 1,4,"10/15/2022, 06:55:38"
103000351,1.3244923386287593 103.9271573268364 1.3240846767490342 103.92720949943045,39,30,C,BEDOK NORTH AVENUE 1,4,"10/15/2022, 06:55:38"
103000354,1.3159382308514525 103.84261245053749 1.315854648211366 103.84294233512517,29,20,E,SURREY ROAD,3,"10/15/2022, 06:55:38"
103000355,1.315854648211366 103.84294233512517 1.3159382308514525 103.84261245053749,19,10,E,SURREY ROAD,2,"10/15/2022, 06:55:38"
103000358,1.3807128617466986 103.84499903089491 1.3807123642926429 103.84500991262863,39,30,C,ANG MO KIO AVENUE 8,4,"10/15/2022, 06:55:38"
103000359,1.3807123642926429 103.84500991262863 1.3807128617466986 103.84499903089491,999,70,C,ANG MO KIO AVENUE 8,8,"10/15/2022, 06:55:38"
103000362,1.3118940935550105 103.82204317904964 1.3126625795883653 103.82252274944035,19,10,D,NASSIM ROAD,2,"10/15/2022, 06:55:38"
103000363,1.3126625795883653 103.82252274944035 1.3118940935550105 103.82204317904964,19,10,D,NASSIM ROAD,2,"10/15/2022, 06:55:38"
103000366,1.315854648211366 103.84294233512517 1.3167136667120711 103.84327853125002,29,20,E,LINCOLN ROAD,3,"10/15/2022, 06:55:38"
103000367,1.3167136667120711 103.84327853125002 1.315854648211366 103.84294233512517,19,10,E,LINCOLN ROAD,2,"10/15/2022, 06:55:38"
103000374,1.3807123642926429 103.84500991262863 1.380684897925153 103.8451761128162,49,40,C,ANG MO KIO AVENUE 8,5,"10/15/2022, 06:55:38"
103000375,1.380684897925153 103.8451761128162 1.3807123642926429 103.84500991262863,999,70,C,ANG MO KIO AVENUE 8,8,"10/15/2022, 06:55:38"
103000378,1.3157272395598174 103.84338520326874 1.315854648211366 103.84294233512517,19,10,E,SURREY ROAD,2,"10/15/2022, 06:55:38"
103000379,1.315854648211366 103.84294233512517 1.3157272395598174 103.84338520326874,19,10,E,SURREY ROAD,2,"10/15/2022, 06:55:38"
103000382,1.3156132848934614 103.84225443085381 1.3159382308514525 103.84261245053749,19,10,E,SURREY ROAD,2,"10/15/2022, 06:55:38"
103000383,1.3159382308514525 103.84261245053749 1.3156132848934614 103.84225443085381,19,10,E,SURREY ROAD,2,"10/15/2022, 06:55:38"
103000386,1.3147915862600077 103.84277519172518 1.3157272395598174 103.84338520326874,29,20,E,WEE NAM ROAD,3,"10/15/2022, 06:55:38"
103000387,1.3157272395598174 103.84338520326874 1.3147915862600077 103.84277519172518,19,10,E,WEE NAM ROAD,2,"10/15/2022, 06:55:38"
103000390,1.291162335870407 103.83939185990795 1.2909587737416484 103.83879622503638,29,20,E,MOHAMAD SULTAN ROAD,3,"10/15/2022, 06:55:38"
103000391,1.2909587737416484 103.83879622503638 1.291162335870407 103.83939185990795,29,20,E,MOHAMAD SULTAN ROAD,3,"10/15/2022, 06:55:38"
103000394,1.2916111381542603 103.83840296152836 1.2909587737416484 103.83879622503638,39,30,E,MARTIN ROAD,4,"10/15/2022, 06:55:38"
103000395,1.2909587737416484 103.83879622503638 1.2916111381542603 103.83840296152836,29,20,E,MARTIN ROAD,3,"10/15/2022, 06:55:38"
103000406,1.2909587737416484 103.83879622503638 1.2896315925323827 103.83812231618583,29,20,E,SAIBOO STREET,3,"10/15/2022, 06:55:38"
103000407,1.2896315925323827 103.83812231618583 1.2909587737416484 103.83879622503638,39,30,E,SAIBOO STREET,4,"10/15/2022, 06:55:38"
103000408,1.304116421073875 103.88129074763484 1.303480947720935 103.88194501182524,999,70,F,STADIUM CRESCENT,8,"10/15/2022, 06:55:38"
103000414,1.3034705740870907 103.85962406762611 1.3041658180712976 103.85918340072986,39,30,E,JALAN KUBOR,4,"10/15/2022, 06:55:38"
103000415,1.3041658180712976 103.85918340072986 1.3034705740870907 103.85962406762611,29,20,E,JALAN KUBOR,3,"10/15/2022, 06:55:38"
103000418,1.30450312346212 103.82573244672774 1.3034535281731428 103.82621354051224,29,20,D,TOMLINSON ROAD,3,"10/15/2022, 06:55:38"
103000419,1.3034535281731428 103.82621354051224 1.30450312346212 103.82573244672774,29,20,D,TOMLINSON ROAD,3,"10/15/2022, 06:55:38"
103000422,1.3037416943275602 103.83626910885548 1.303367431108309 103.83695623568973,39,30,C,BIDEFORD ROAD,4,"10/15/2022, 06:55:38"
103000423,1.303367431108309 103.83695623568973 1.3037416943275602 103.83626910885548,29,20,C,BIDEFORD ROAD,3,"10/15/2022, 06:55:38"
103000430,1.299700019895312 103.82447173073814 1.2997425241983005 103.82423630283773,29,20,D,CHATSWORTH ROAD,3,"10/15/2022, 06:55:38"
103000431,1.2997425241983005 103.82423630283773 1.299700019895312 103.82447173073814,29,20,D,CHATSWORTH ROAD,3,"10/15/2022, 06:55:38"
103000432,1.299700493522719 103.83736801561635 1.299804080133152 103.83693000207771,39,30,E,DEVONSHIRE ROAD,4,"10/15/2022, 06:55:38"
103000438,1.3002619350753117 103.8215795098097 1.2996880144700964 103.82122821735582,39,30,D,CHATSWORTH ROAD,4,"10/15/2022, 06:55:38"
103000439,1.2996880144700964 103.82122821735582 1.3002619350753117 103.8215795098097,39,30,D,CHATSWORTH ROAD,4,"10/15/2022, 06:55:38"
103000446,1.3004162443480554 103.85026714446101 1.299920511324217 103.84973050315914,999,70,B,PRINSEP STREET,8,"10/15/2022, 06:55:38"
103000447,1.299920511324217 103.84973050315914 1.3004162443480554 103.85026714446101,29,20,B,PRINSEP STREET,3,"10/15/2022, 06:55:38"
103000448,1.311229840433147 103.84910566257994 1.3113233168952205 103.84889480067116,39,30,E,RUTLAND ROAD,4,"10/15/2022, 06:55:38"
103000454,1.3112234836796168 103.82532382034226 1.3114913467964102 103.82511923783522,39,30,D,ORANGE GROVE ROAD,4,"10/15/2022, 06:55:38"
103000455,1.3114913467964102 103.82511923783522 1.3112234836796168 103.82532382034226,49,40,D,ORANGE GROVE ROAD,5,"10/15/2022, 06:55:38"
103000456,1.3112234836796168 103.82532382034226 1.3113363109408036 103.82493559289007,39,30,D,ORANGE GROVE ROAD,4,"10/15/2022, 06:55:38"
103000466,1.3106771084130493 103.84231654800287 1.3112736986654532 103.84260572116985,49,40,E,WINSTEDT DRIVE,5,"10/15/2022, 06:55:38"
103000467,1.3112736986654532 103.84260572116985 1.3106771084130493 103.84231654800287,49,40,E,WINSTEDT DRIVE,5,"10/15/2022, 06:55:38"
103000470,1.319061396656469 103.84092930386213 1.3188105351806543 103.84085187490123,999,70,E,GILSTEAD ROAD,8,"10/15/2022, 06:55:38"
103000471,1.3188105351806543 103.84085187490123 1.319061396656469 103.84092930386213,999,70,E,GILSTEAD ROAD,8,"10/15/2022, 06:55:38"
103000474,1.3193341206043803 103.84649970636902 1.318792210179824 103.84759767077377,49,40,E,MOULMEIN RISE,5,"10/15/2022, 06:55:38"
103000475,1.318792210179824 103.84759767077377 1.3193341206043803 103.84649970636902,49,40,E,MOULMEIN RISE,5,"10/15/2022, 06:55:38"
103000476,1.2995966073516918 103.82492836261135 1.299590087190852 103.82502125420042,29,20,C,GRANGE ROAD,3,"10/15/2022, 06:55:38"
103000486,1.3040286035789885 103.84718841611495 1.303500829348059 103.84807244793292,19,10,E,UPPER WILKIE ROAD,2,"10/15/2022, 06:55:38"
103000487,1.303500829348059 103.84807244793292 1.3040286035789885 103.84718841611495,19,10,E,UPPER WILKIE ROAD,2,"10/15/2022, 06:55:38"
103000488,1.303806415521386 103.88260774967814 1.304792453252485 103.88350989144139,999,70,E,JALAN BENAAN KAPAL,8,"10/15/2022, 06:55:38"
103000494,1.3126031583342976 103.83124637127273 1.3123210243571486 103.83235126377782,49,40,C,STEVENS ROAD,5,"10/15/2022, 06:55:38"
103000495,1.3123210243571486 103.83235126377782 1.3126031583342976 103.83124637127273,49,40,C,STEVENS ROAD,5,"10/15/2022, 06:55:38"
103000498,1.3068304068438552 103.85870764712449 1.3063839358022185 103.85912667113942,19,10,E,SYED ALWI ROAD,2,"10/15/2022, 06:55:38"
103000499,1.3063839358022185 103.85912667113942 1.3068304068438552 103.85870764712449,19,10,E,SYED ALWI ROAD,2,"10/15/2022, 06:55:38"
103000506,1.316224036531867 103.84001801202565 1.316912438354752 103.84022564204443,29,20,E,BUCKLEY ROAD,3,"10/15/2022, 06:55:38"
103000507,1.316912438354752 103.84022564204443 1.316224036531867 103.84001801202565,29,20,E,BUCKLEY ROAD,3,"10/15/2022, 06:55:38"
103000514,1.3014384798662653 103.88794327377201 1.3007662685213992 103.88781914331392,59,50,E,ARTHUR ROAD,6,"10/15/2022, 06:55:38"
103000515,1.3007662685213992 103.88781914331392 1.3014384798662653 103.88794327377201,59,50,E,ARTHUR ROAD,6,"10/15/2022, 06:55:38"
103000516,1.3003646841996643 103.85417742366865 1.2995900710274935 103.8549671753034,39,30,E,CHENG YAN PLACE,4,"10/15/2022, 06:55:38"
103000522,1.3807436860731306 103.84424669062072 1.3807128617466986 103.84499903089491,39,30,C,ANG MO KIO AVENUE 8,4,"10/15/2022, 06:55:38"
103000523,1.3807128617466986 103.84499903089491 1.3807436860731306 103.84424669062072,39,30,C,ANG MO KIO AVENUE 8,4,"10/15/2022, 06:55:38"
103000526,1.368574220333337 103.84998011317111 1.3690128206372936 103.84973096070034,29,20,C,ANG MO KIO AVENUE 8,3,"10/15/2022, 06:55:38"
103000527,1.3690128206372936 103.84973096070034 1.368574220333337 103.84998011317111,29,20,C,ANG MO KIO AVENUE 8,3,"10/15/2022, 06:55:38"
103000530,1.3266284824846761 103.92688480413254 1.3257932174490585 103.92699111651997,19,10,C,BEDOK NORTH AVENUE 1,2,"10/15/2022, 06:55:38"
103000531,1.3257932174490585 103.92699111651997 1.3266284824846761 103.92688480413254,29,20,C,BEDOK NORTH AVENUE 1,3,"10/15/2022, 06:55:38"
103000534,1.3257932174490585 103.92699111651997 1.3253879069403292 103.92704270518263,19,10,C,BEDOK NORTH AVENUE 1,2,"10/15/2022, 06:55:38"
103000535,1.3253879069403292 103.92704270518263 1.3257932174490585 103.92699111651997,29,20,C,BEDOK NORTH AVENUE 1,3,"10/15/2022, 06:55:38"
103000538,1.3305807737063633 103.93447239316134 1.3299795120811468 103.9345891987128,39,30,C,BEDOK NORTH AVENUE 3,4,"10/15/2022, 06:55:38"
103000539,1.3299795120811468 103.9345891987128 1.3305807737063633 103.93447239316134,39,30,C,BEDOK NORTH AVENUE 3,4,"10/15/2022, 06:55:38"
103000542,1.299700019895312 103.82447173073814 1.2995966073516918 103.82492836261135,29,20,D,CHATSWORTH ROAD,3,"10/15/2022, 06:55:38"
103000543,1.2995966073516918 103.82492836261135 1.299700019895312 103.82447173073814,29,20,D,CHATSWORTH ROAD,3,"10/15/2022, 06:55:38"
103000550,1.2995260904869215 103.85348852047383 1.3003646841996643 103.85417742366865,29,20,C,QUEEN STREET,3,"10/15/2022, 06:55:38"
103000551,1.3003646841996643 103.85417742366865 1.2995260904869215 103.85348852047383,19,10,C,QUEEN STREET,2,"10/15/2022, 06:55:38"
103000554,1.299859186451872 103.82000765106312 1.2995256187143942 103.8196669425863,29,20,D,CHATSWORTH ROAD,3,"10/15/2022, 06:55:38"
103000555,1.2995256187143942 103.8196669425863 1.299859186451872 103.82000765106312,19,10,D,CHATSWORTH ROAD,2,"10/15/2022, 06:55:38"
103000558,1.3011053085669935 103.81805296688717 1.3014774243966796 103.81754655338793,39,30,E,TANGLIN HILL,4,"10/15/2022, 06:55:38"
103000559,1.3014774243966796 103.81754655338793 1.3011053085669935 103.81805296688717,39,30,E,TANGLIN HILL,4,"10/15/2022, 06:55:38"
103000562,1.301806472610639 103.86270975462338 1.3010613159329476 103.86316751887426,39,30,D,JAVA ROAD,4,"10/15/2022, 06:55:38"
103000563,1.3010613159329476 103.86316751887426 1.301806472610639 103.86270975462338,49,40,D,JAVA ROAD,5,"10/15/2022, 06:55:38"
103000564,1.3011202434375964 103.88493813701652 1.3010447762182693 103.88439916122353,999,70,F,KAMPONG ARANG ROAD,8,"10/15/2022, 06:55:38"
103000568,1.3010447762182693 103.88439916122353 1.301661818312337 103.88468093944955,39,30,F,KAMPONG ARANG ROAD,4,"10/15/2022, 06:55:38"
103000574,1.3010999072766916 103.88345318308859 1.3010447762182693 103.88439916122353,39,30,E,KAMPONG ARANG ROAD,4,"10/15/2022, 06:55:38"
103000575,1.3010447762182693 103.88439916122353 1.3010999072766916 103.88345318308859,999,70,E,KAMPONG ARANG ROAD,8,"10/15/2022, 06:55:38"
103000576,1.2997159390706274 103.82516587459126 1.2997838115829037 103.82514573798137,29,20,C,GRANGE ROAD,3,"10/15/2022, 06:55:38"
103000582,1.3045514800189688 103.82322716383942 1.3045308153176574 103.82323542156517,29,20,C,GRANGE ROAD,3,"10/15/2022, 06:55:38"
103000583,1.3045308153176574 103.82323542156517 1.3045514800189688 103.82322716383942,29,20,C,GRANGE ROAD,3,"10/15/2022, 06:55:38"
103000586,1.3045308153176574 103.82323542156517 1.3039803203240277 103.82345537893475,29,20,C,GRANGE ROAD,3,"10/15/2022, 06:55:38"
103000587,1.3039803203240277 103.82345537893475 1.3045308153176574 103.82323542156517,29,20,C,GRANGE ROAD,3,"10/15/2022, 06:55:38"
103000590,1.3123210243571486 103.83235126377782 1.3115941685350712 103.83315772987676,49,40,C,STEVENS ROAD,5,"10/15/2022, 06:55:38"
103000591,1.3115941685350712 103.83315772987676 1.3123210243571486 103.83235126377782,49,40,C,STEVENS ROAD,5,"10/15/2022, 06:55:38"
103000594,1.3802644454971402 103.84603776256378 1.379102983292406 103.84700021880467,49,40,C,ANG MO KIO AVENUE 8,5,"10/15/2022, 06:55:38"
103000595,1.379102983292406 103.84700021880467 1.3802644454971402 103.84603776256378,39,30,C,ANG MO KIO AVENUE 8,4,"10/15/2022, 06:55:38"
103000598,1.379102983292406 103.84700021880467 1.3777027981180603 103.84756217854924,39,30,C,ANG MO KIO AVENUE 8,4,"10/15/2022, 06:55:38"
103000599,1.3777027981180603 103.84756217854924 1.379102983292406 103.84700021880467,29,20,C,ANG MO KIO AVENUE 8,3,"10/15/2022, 06:55:38"
103000602,1.3662705961072554 103.85128868333194 1.367423231286439 103.85063393131084,29,20,C,ANG MO KIO AVENUE 8,3,"10/15/2022, 06:55:38"
103000603,1.367423231286439 103.85063393131084 1.3662705961072554 103.85128868333194,39,30,C,ANG MO KIO AVENUE 8,4,"10/15/2022, 06:55:38"
103000606,1.367423231286439 103.85063393131084 1.368574220333337 103.84998011317111,29,20,C,ANG MO KIO AVENUE 8,3,"10/15/2022, 06:55:38"
103000607,1.368574220333337 103.84998011317111 1.367423231286439 103.85063393131084,39,30,C,ANG MO KIO AVENUE 8,4,"10/15/2022, 06:55:38"
103000610,1.3353186430332342 103.9335643527379 1.3362098473363948 103.93335267093885,39,30,C,BEDOK NORTH AVENUE 3,4,"10/15/2022, 06:55:38"
103000611,1.3362098473363948 103.93335267093885 1.3353186430332342 103.9335643527379,49,40,C,BEDOK NORTH AVENUE 3,5,"10/15/2022, 06:55:38"
103000614,1.3362098473363948 103.93335267093885 1.3374601217637425 103.93309717189955,39,30,C,BEDOK NORTH AVENUE 3,4,"10/15/2022, 06:55:38"
103000615,1.3374601217637425 103.93309717189955 1.3362098473363948 103.93335267093885,49,40,C,BEDOK NORTH AVENUE 3,5,"10/15/2022, 06:55:38"
103000626,1.3026531717253007 103.88251914863919 1.30192621857122 103.88332575871391,999,70,D,JALAN BATU,8,"10/15/2022, 06:55:38"
103000627,1.30192621857122 103.88332575871391 1.3026531717253007 103.88251914863919,29,20,D,JALAN BATU,3,"10/15/2022, 06:55:38"
103000634,1.3010823775748162 103.8508158905501 1.3018059374798563 103.85141396748956,29,20,B,PRINSEP STREET,3,"10/15/2022, 06:55:38"
103000635,1.3018059374798563 103.85141396748956 1.3010823775748162 103.8508158905501,19,10,B,PRINSEP STREET,2,"10/15/2022, 06:55:38"
103000638,1.373800752801476 103.84807630025367 1.3738803459530748 103.84806725212309,39,30,C,ANG MO KIO AVENUE 8,4,"10/15/2022, 06:55:38"
103000639,1.3738803459530748 103.84806725212309 1.373800752801476 103.84807630025367,29,20,C,ANG MO KIO AVENUE 8,3,"10/15/2022, 06:55:38"
103000642,1.380684897925153 103.8451761128162 1.3806504496395628 103.84538452798964,49,40,C,ANG MO KIO AVENUE 8,5,"10/15/2022, 06:55:38"
103000643,1.3806504496395628 103.84538452798964 1.380684897925153 103.8451761128162,49,40,C,ANG MO KIO AVENUE 8,5,"10/15/2022, 06:55:38"
103000646,1.3806409717745074 103.84540967903897 1.3802644454971402 103.84603776256378,49,40,C,ANG MO KIO AVENUE 8,5,"10/15/2022, 06:55:38"
103000647,1.3802644454971402 103.84603776256378 1.3806409717745074 103.84540967903897,49,40,C,ANG MO KIO AVENUE 8,5,"10/15/2022, 06:55:38"
103000648,1.3135747759643635 103.85056989112493 1.3133901063939397 103.85032404665321,19,10,D,DORSET ROAD,2,"10/15/2022, 06:55:38"
103000652,1.3139573638553332 103.85107793387837 1.3135747759643635 103.85056989112493,19,10,D,DORSET ROAD,2,"10/15/2022, 06:55:38"
103000656,1.3015437525944837 103.84091228655736 1.3008488303169885 103.84068798960408,19,10,D,KOEK ROAD,2,"10/15/2022, 06:55:38"
103000660,1.3008488303169885 103.84068798960408 1.3007305484074356 103.8407011799061,29,20,D,KOEK ROAD,3,"10/15/2022, 06:55:38"
103000666,1.3013080492862406 103.8196580733416 1.3010301634253092 103.81935013436056,39,30,D,CHATSWORTH AVENUE,4,"10/15/2022, 06:55:38"
103000667,1.3010301634253092 103.81935013436056 1.3013080492862406 103.8196580733416,49,40,D,CHATSWORTH AVENUE,5,"10/15/2022, 06:55:38"
103000670,1.3010301634253092 103.81935013436056 1.301661814609994 103.81892884778986,39,30,D,CHATSWORTH AVENUE,4,"10/15/2022, 06:55:38"
103000671,1.301661814609994 103.81892884778986 1.3010301634253092 103.81935013436056,39,30,D,CHATSWORTH AVENUE,4,"10/15/2022, 06:55:38"
103000674,1.3010236529646493 103.82333385320139 1.3011896344812637 103.82423937068208,49,40,E,GRANGE GARDEN,5,"10/15/2022, 06:55:38"
103000675,1.3011896344812637 103.82423937068208 1.3010236529646493 103.82333385320139,49,40,E,GRANGE GARDEN,5,"10/15/2022, 06:55:38"
103000678,1.3010236529646493 103.82333385320139 1.302429931449246 103.82340946928127,39,30,C,GRANGE ROAD,4,"10/15/2022, 06:55:38"
103000679,1.302429931449246 103.82340946928127 1.3010236529646493 103.82333385320139,49,40,C,GRANGE ROAD,5,"10/15/2022, 06:55:38"
103000682,1.3125573734728961 103.82752137157676 1.313527241870939 103.82776519981492,39,30,E,WALSHE ROAD,4,"10/15/2022, 06:55:38"
103000683,1.313527241870939 103.82776519981492 1.3125573734728961 103.82752137157676,49,40,E,WALSHE ROAD,5,"10/15/2022, 06:55:38"
103000686,1.3125573734728961 103.82752137157676 1.3128379691247396 103.82687900682744,19,10,E,WALSHE ROAD,2,"10/15/2022, 06:55:38"
103000687,1.3128379691247396 103.82687900682744 1.3125573734728961 103.82752137157676,29,20,E,WALSHE ROAD,3,"10/15/2022, 06:55:38"
103000690,1.3758474480274783 103.8478437532391 1.376136862862823 103.84781087621323,39,30,C,ANG MO KIO AVENUE 8,4,"10/15/2022, 06:55:38"
103000691,1.376136862862823 103.84781087621323 1.3758474480274783 103.8478437532391,29,20,C,ANG MO KIO AVENUE 8,3,"10/15/2022, 06:55:38"
103000694,1.3244923386287593 103.9271573268364 1.324804408829976 103.92711737993756,39,30,C,BEDOK NORTH AVENUE 1,4,"10/15/2022, 06:55:38"
103000695,1.324804408829976 103.92711737993756 1.3244923386287593 103.9271573268364,49,40,C,BEDOK NORTH AVENUE 1,5,"10/15/2022, 06:55:38"
103000698,1.324804408829976 103.92711737993756 1.3253879069403292 103.92704270518263,39,30,C,BEDOK NORTH AVENUE 1,4,"10/15/2022, 06:55:38"
103000699,1.3253879069403292 103.92704270518263 1.324804408829976 103.92711737993756,39,30,C,BEDOK NORTH AVENUE 1,4,"10/15/2022, 06:55:38"
103000702,1.3374601217637425 103.93309717189955 1.337960130498252 103.93298866434807,39,30,C,BEDOK NORTH AVENUE 3,4,"10/15/2022, 06:55:38"
103000703,1.337960130498252 103.93298866434807 1.3374601217637425 103.93309717189955,49,40,C,BEDOK NORTH AVENUE 3,5,"10/15/2022, 06:55:38"
103000706,1.332470690656717 103.93410855531661 1.3331261420447007 103.93398349405123,49,40,C,BEDOK NORTH AVENUE 3,5,"10/15/2022, 06:55:38"
103000707,1.3331261420447007 103.93398349405123 1.332470690656717 103.93410855531661,49,40,C,BEDOK NORTH AVENUE 3,5,"10/15/2022, 06:55:38"
103000710,1.331517421090297 103.93429044700035 1.3305807737063633 103.93447239316134,39,30,C,BEDOK NORTH AVENUE 3,4,"10/15/2022, 06:55:38"
103000711,1.3305807737063633 103.93447239316134 1.331517421090297 103.93429044700035,39,30,C,BEDOK NORTH AVENUE 3,4,"10/15/2022, 06:55:38"
103000714,1.3125268779505506 103.82436435407683 1.3135710366962168 103.82365928526495,29,20,E,FERNHILL CRESCENT,3,"10/15/2022, 06:55:38"
103000715,1.3135710366962168 103.82365928526495 1.3125268779505506 103.82436435407683,49,40,E,FERNHILL CRESCENT,5,"10/15/2022, 06:55:38"
103000718,1.3125268779505506 103.82436435407683 1.3127715602878596 103.82367702570646,49,40,E,FERNHILL CRESCENT,5,"10/15/2022, 06:55:38"
103000719,1.3127715602878596 103.82367702570646 1.3125268779505506 103.82436435407683,59,50,E,FERNHILL CRESCENT,6,"10/15/2022, 06:55:38"
103000720,1.312526882962598 103.85772496096 1.3128994765010902 103.85727722633219,29,20,E,PETAIN ROAD,3,"10/15/2022, 06:55:38"
103000726,1.3124852352944107 103.87542930190754 1.312609280269797 103.87582290449367,39,30,E,LORONG TAHAR,4,"10/15/2022, 06:55:38"
103000727,1.312609280269797 103.87582290449367 1.3124852352944107 103.87542930190754,19,10,E,LORONG TAHAR,2,"10/15/2022, 06:55:38"
103000732,1.3123222590147685 103.85796897801305 1.312526882962598 103.85772496096,29,20,E,PETAIN ROAD,3,"10/15/2022, 06:55:38"
103000738,1.3108593785553044 103.84350297459066 1.3101593752468101 103.84297256751098,39,30,E,WINSTEDT DRIVE,4,"10/15/2022, 06:55:38"
103000739,1.3101593752468101 103.84297256751098 1.3108593785553044 103.84350297459066,49,40,E,WINSTEDT DRIVE,5,"10/15/2022, 06:55:38"
103000742,1.3104800021662708 103.84230465051553 1.3101593752468101 103.84297256751098,19,10,E,WINSTEDT DRIVE,2,"10/15/2022, 06:55:38"
103000743,1.3101593752468101 103.84297256751098 1.3104800021662708 103.84230465051553,19,10,E,WINSTEDT DRIVE,2,"10/15/2022, 06:55:38"
103000746,1.3101476274410442 103.83149312374148 1.3105190500950636 103.83157663459096,19,10,D,DRAYCOTT PARK,2,"10/15/2022, 06:55:38"
103000747,1.3105190500950636 103.83157663459096 1.3101476274410442 103.83149312374148,19,10,D,DRAYCOTT PARK,2,"10/15/2022, 06:55:38"
103000750,1.3103806026536704 103.8241463378636 1.3105467476055914 103.82289491045184,19,10,E,LADY HILL ROAD,2,"10/15/2022, 06:55:38"
103000751,1.3105467476055914 103.82289491045184 1.3103806026536704 103.8241463378636,19,10,E,LADY HILL ROAD,2,"10/15/2022, 06:55:38"
103000754,1.3049729085760269 103.85548999567351 1.305445507613457 103.85592178752432,29,20,E,PASAR LANE,3,"10/15/2022, 06:55:38"
103000755,1.305445507613457 103.85592178752432 1.3049729085760269 103.85548999567351,39,30,E,PASAR LANE,4,"10/15/2022, 06:55:38"
103000758,1.3049729085760269 103.85548999567351 1.305277654723263 103.85522047922288,39,30,E,WELD ROAD,4,"10/15/2022, 06:55:38"
103000759,1.305277654723263 103.85522047922288 1.3049729085760269 103.85548999567351,39,30,E,WELD ROAD,4,"10/15/2022, 06:55:38"
103000762,1.3022870043432744 103.8856082959333 1.302366905524733 103.88686503022434,999,70,E,WILKINSON ROAD,8,"10/15/2022, 06:55:38"
103000763,1.302366905524733 103.88686503022434 1.3022870043432744 103.8856082959333,49,40,E,WILKINSON ROAD,5,"10/15/2022, 06:55:38"
103000766,1.3048813899663965 103.81904560462948 1.3054979109686005 103.81861041689989,19,10,E,SHERWOOD ROAD,2,"10/15/2022, 06:55:38"
103000767,1.3054979109686005 103.81861041689989 1.3048813899663965 103.81904560462948,29,20,E,SHERWOOD ROAD,3,"10/15/2022, 06:55:38"
103000768,1.304865918473938 103.836845680642 1.3052352879030098 103.83703400759208,39,30,C,BIDEFORD ROAD,4,"10/15/2022, 06:55:38"
103000774,1.3048813899663965 103.81904560462948 1.3048570162708006 103.8188603154509,19,10,E,SHERWOOD ROAD,2,"10/15/2022, 06:55:38"
103000775,1.3048570162708006 103.8188603154509 1.3048813899663965 103.81904560462948,29,20,E,SHERWOOD ROAD,3,"10/15/2022, 06:55:38"
103000778,1.3048447737796065 103.88599980938392 1.3048700607466412 103.88638311181344,19,10,E,WIMBORNE ROAD,2,"10/15/2022, 06:55:38"
103000779,1.3048700607466412 103.88638311181344 1.3048447737796065 103.88599980938392,19,10,E,WIMBORNE ROAD,2,"10/15/2022, 06:55:38"
103000782,1.3048447737796065 103.88599980938392 1.3054374136970703 103.88595734741624,19,10,E,WIMBORNE ROAD,2,"10/15/2022, 06:55:38"
103000783,1.3054374136970703 103.88595734741624 1.3048447737796065 103.88599980938392,19,10,E,WIMBORNE ROAD,2,"10/15/2022, 06:55:38"
103000786,1.3361429287690658 103.94374496770426 1.336497586014281 103.94409316516534,39,30,D,BEDOK NORTH AVENUE 4,4,"10/15/2022, 06:55:38"
103000787,1.336497586014281 103.94409316516534 1.3361429287690658 103.94374496770426,39,30,D,BEDOK NORTH AVENUE 4,4,"10/15/2022, 06:55:38"
103000792,1.3057800978363552 103.83226794405363 1.3048026423179848 103.83228309396262,39,30,F,SCOTTS ROAD,4,"10/15/2022, 06:55:38"
103000798,1.3047845551566757 103.85663682706912 1.3051147088162958 103.8569308256185,29,20,B,SUNGEI ROAD,3,"10/15/2022, 06:55:38"
103000799,1.3051147088162958 103.8569308256185 1.3047845551566757 103.85663682706912,999,70,B,SUNGEI ROAD,8,"10/15/2022, 06:55:38"
103000802,1.3052169542710033 103.85617451974063 1.3047845551566757 103.85663682706912,29,20,E,PITT STREET,3,"10/15/2022, 06:55:38"
103000803,1.3047845551566757 103.85663682706912 1.3052169542710033 103.85617451974063,39,30,E,PITT STREET,4,"10/15/2022, 06:55:38"
103000806,1.2981535674737417 103.81050245388612 1.2982810361681365 103.81033620407007,19,10,E,KAY SIANG ROAD,2,"10/15/2022, 06:55:38"
103000807,1.2982810361681365 103.81033620407007 1.2981535674737417 103.81050245388612,39,30,E,KAY SIANG ROAD,4,"10/15/2022, 06:55:38"
103000810,1.29805905086128 103.88406707129168 1.29970190934658 103.88411348692426,39,30,B,TANJONG RHU ROAD,4,"10/15/2022, 06:55:38"
103000811,1.29970190934658 103.88411348692426 1.29805905086128 103.88406707129168,39,30,B,TANJONG RHU ROAD,4,"10/15/2022, 06:55:38"
103000814,1.2982810361681365 103.81033620407007 1.2980452392774777 103.81013262302979,9,0,E,KAY SIANG ROAD,1,"10/15/2022, 06:55:38"
103000815,1.2980452392774777 103.81013262302979 1.2982810361681365 103.81033620407007,19,10,E,KAY SIANG ROAD,2,"10/15/2022, 06:55:38"
103000818,1.2980452392774777 103.81013262302979 1.2982246918341682 103.8100743238392,9,0,E,KAY SIANG ROAD,1,"10/15/2022, 06:55:38"
103000819,1.2982246918341682 103.8100743238392 1.2980452392774777 103.81013262302979,19,10,E,KAY SIANG ROAD,2,"10/15/2022, 06:55:38"
103000822,1.3010091268966202 103.8253010925262 1.3013868725098114 103.8257790456515,29,20,E,ONE TREE HILL,3,"10/15/2022, 06:55:38"
103000823,1.3013868725098114 103.8257790456515 1.3010091268966202 103.8253010925262,49,40,E,ONE TREE HILL,5,"10/15/2022, 06:55:38"
103000826,1.3010091268966202 103.8253010925262 1.3019154913408086 103.82562409886084,29,20,E,LENGKOK MERAK,3,"10/15/2022, 06:55:38"
103000827,1.3019154913408086 103.82562409886084 1.3010091268966202 103.8253010925262,29,20,E,LENGKOK MERAK,3,"10/15/2022, 06:55:38"
103000830,1.3009866921398463 103.81411709648594 1.3013910245397402 103.8141127804082,29,20,E,RIDLEY PARK,3,"10/15/2022, 06:55:38"
103000831,1.3013910245397402 103.8141127804082 1.3009866921398463 103.81411709648594,29,20,E,RIDLEY PARK,3,"10/15/2022, 06:55:38"
103000834,1.3022870043432744 103.8856082959333 1.3031834748663926 103.88554985502151,49,40,E,GOODMAN ROAD,5,"10/15/2022, 06:55:38"
103000835,1.3031834748663926 103.88554985502151 1.3022870043432744 103.8856082959333,49,40,E,GOODMAN ROAD,5,"10/15/2022, 06:55:38"
103000838,1.3022836478769049 103.82877814631033 1.3025271098303324 103.82774617488765,49,40,E,JALAN TUPAI,5,"10/15/2022, 06:55:38"
103000839,1.3025271098303324 103.82774617488765 1.3022836478769049 103.82877814631033,999,70,E,JALAN TUPAI,8,"10/15/2022, 06:55:38"
103000842,1.303367431108309 103.83695623568973 1.3022825552999076 103.83682781397152,39,30,C,BIDEFORD ROAD,4,"10/15/2022, 06:55:38"
103000843,1.3022825552999076 103.83682781397152 1.303367431108309 103.83695623568973,39,30,C,BIDEFORD ROAD,4,"10/15/2022, 06:55:38"
103000844,1.2960654096709168 103.82596149276202 1.2950687499722084 103.82457458512825,39,30,E,CABLE ROAD,4,"10/15/2022, 06:55:38"
103000850,1.2950687499722084 103.82457458512825 1.296280223288126 103.82330040109034,39,30,E,CABLE ROAD,4,"10/15/2022, 06:55:38"
103000851,1.296280223288126 103.82330040109034 1.2950687499722084 103.82457458512825,39,30,E,CABLE ROAD,4,"10/15/2022, 06:55:38"
103000854,1.2959196449682264 103.8354990479806 1.2950148913365573 103.83540405321959,59,50,E,JALAN KUALA,6,"10/15/2022, 06:55:38"
103000855,1.2950148913365573 103.83540405321959 1.2959196449682264 103.8354990479806,59,50,E,JALAN KUALA,6,"10/15/2022, 06:55:38"
103000858,1.2885670134046823 103.84714396212335 1.2876813975832344 103.8484550719313,39,30,D,CARPENTER STREET,4,"10/15/2022, 06:55:38"
103000859,1.2876813975832344 103.8484550719313 1.2885670134046823 103.84714396212335,29,20,D,CARPENTER STREET,3,"10/15/2022, 06:55:38"
103000862,1.3115598539922761 103.84356326107677 1.3109616270123052 103.8432595670941,999,70,E,HOOPER ROAD,8,"10/15/2022, 06:55:38"
103000863,1.3109616270123052 103.8432595670941 1.3115598539922761 103.84356326107677,999,70,E,HOOPER ROAD,8,"10/15/2022, 06:55:38"
103000864,1.3120101853447135 103.86178507739291 1.3109572673338927 103.86038505459275,39,30,E,HAMILTON ROAD,4,"10/15/2022, 06:55:38"
103000870,1.3109572673338927 103.86038505459275 1.3113764532698613 103.86002491168635,999,70,E,HORNE ROAD,8,"10/15/2022, 06:55:38"
103000871,1.3113764532698613 103.86002491168635 1.3109572673338927 103.86038505459275,29,20,E,HORNE ROAD,3,"10/15/2022, 06:55:38"
103000874,1.338115027636161 103.93370315844263 1.3383570201169084 103.93428755405625,39,30,C,BEDOK RESERVOIR ROAD,4,"10/15/2022, 06:55:38"
103000875,1.3383570201169084 103.93428755405625 1.338115027636161 103.93370315844263,39,30,C,BEDOK RESERVOIR ROAD,4,"10/15/2022, 06:55:38"
103000878,1.3041457908670204 103.82980042827975 1.3031629356028471 103.82935354671685,69,60,E,ANGULLIA PARK,7,"10/15/2022, 06:55:38"
103000879,1.3031629356028471 103.82935354671685 1.3041457908670204 103.82980042827975,69,60,E,ANGULLIA PARK,7,"10/15/2022, 06:55:38"
103000882,1.3031629356028471 103.82935354671685 1.3022836478769049 103.82877814631033,49,40,E,ANGULLIA PARK,5,"10/15/2022, 06:55:38"
103000883,1.3022836478769049 103.82877814631033 1.3031629356028471 103.82935354671685,49,40,E,ANGULLIA PARK,5,"10/15/2022, 06:55:38"
103000886,1.3325819300928987 103.91292220139155 1.3331715249190608 103.91363120796856,39,30,C,BEDOK RESERVOIR ROAD,4,"10/15/2022, 06:55:38"
103000887,1.3331715249190608 103.91363120796856 1.3325819300928987 103.91292220139155,39,30,C,BEDOK RESERVOIR ROAD,4,"10/15/2022, 06:55:38"
103000890,1.3331715249190608 103.91363120796856 1.3340305501607592 103.91398715396191,29,20,C,BEDOK RESERVOIR ROAD,3,"10/15/2022, 06:55:38"
103000891,1.3340305501607592 103.91398715396191 1.3331715249190608 103.91363120796856,39,30,C,BEDOK RESERVOIR ROAD,4,"10/15/2022, 06:55:38"
103000894,1.3316242065559465 103.91016444097393 1.3319487918753772 103.91158861675343,49,40,C,BEDOK RESERVOIR ROAD,5,"10/15/2022, 06:55:38"
103000895,1.3319487918753772 103.91158861675343 1.3316242065559465 103.91016444097393,29,20,C,BEDOK RESERVOIR ROAD,3,"10/15/2022, 06:55:38"
103000898,1.3442572577298928 103.93831348602518 1.3443948102538565 103.9383384628674,39,30,C,BEDOK RESERVOIR ROAD,4,"10/15/2022, 06:55:38"
103000899,1.3443948102538565 103.9383384628674 1.3442572577298928 103.93831348602518,49,40,C,BEDOK RESERVOIR ROAD,5,"10/15/2022, 06:55:38"
103000902,1.3378762966441458 103.91604470688691 1.3380931134273595 103.91723161005793,49,40,C,BEDOK RESERVOIR ROAD,5,"10/15/2022, 06:55:38"
103000903,1.3380931134273595 103.91723161005793 1.3378762966441458 103.91604470688691,39,30,C,BEDOK RESERVOIR ROAD,4,"10/15/2022, 06:55:38"
103000906,1.3380931134273595 103.91723161005793 1.3381325711963585 103.91748274929562,69,60,C,BEDOK RESERVOIR ROAD,7,"10/15/2022, 06:55:38"
103000907,1.3381325711963585 103.91748274929562 1.3380931134273595 103.91723161005793,39,30,C,BEDOK RESERVOIR ROAD,4,"10/15/2022, 06:55:38"
103000910,1.3313291785543604 103.90713830378151 1.3316420691276942 103.90777636841813,29,20,C,BEDOK RESERVOIR ROAD,3,"10/15/2022, 06:55:38"
103000911,1.3316420691276942 103.90777636841813 1.3313291785543604 103.90713830378151,39,30,C,BEDOK RESERVOIR ROAD,4,"10/15/2022, 06:55:38"
103000914,1.3316420691276942 103.90777636841813 1.3316948986769936 103.90935878927051,39,30,C,BEDOK RESERVOIR ROAD,4,"10/15/2022, 06:55:38"
103000915,1.3316948986769936 103.90935878927051 1.3316420691276942 103.90777636841813,39,30,C,BEDOK RESERVOIR ROAD,4,"10/15/2022, 06:55:38"
103000918,1.3439953924596793 103.93826570742942 1.3442572577298928 103.93831348602518,39,30,C,BEDOK RESERVOIR ROAD,4,"10/15/2022, 06:55:38"
103000919,1.3442572577298928 103.93831348602518 1.3439953924596793 103.93826570742942,49,40,C,BEDOK RESERVOIR ROAD,5,"10/15/2022, 06:55:38"
103000922,1.3368459227822735 103.91349383891486 1.3375156304908398 103.91487885234604,39,30,C,BEDOK RESERVOIR ROAD,4,"10/15/2022, 06:55:38"
103000923,1.3375156304908398 103.91487885234604 1.3368459227822735 103.91349383891486,39,30,C,BEDOK RESERVOIR ROAD,4,"10/15/2022, 06:55:38"
103000926,1.3375156304908398 103.91487885234604 1.3378762966441458 103.91604470688691,39,30,C,BEDOK RESERVOIR ROAD,4,"10/15/2022, 06:55:38"
103000927,1.3378762966441458 103.91604470688691 1.3375156304908398 103.91487885234604,39,30,C,BEDOK RESERVOIR ROAD,4,"10/15/2022, 06:55:38"
103000930,1.3108981274496783 103.87714337370616 1.3110113702489334 103.87775037224722,19,10,E,TALMA ROAD,2,"10/15/2022, 06:55:38"
103000931,1.3110113702489334 103.87775037224722 1.3108981274496783 103.87714337370616,19,10,E,TALMA ROAD,2,"10/15/2022, 06:55:38"
103000936,1.3141261346143287 103.82596500741973 1.3147932311346617 103.82629209573213,39,30,F,ORANGE GROVE ROAD,4,"10/15/2022, 06:55:38"
103000942,1.3148829614655 103.85573716606248 1.3141337207319783 103.85491622616078,39,30,D,TESSENSOHN ROAD,4,"10/15/2022, 06:55:38"
103000943,1.3141337207319783 103.85491622616078 1.3148829614655 103.85573716606248,49,40,D,TESSENSOHN ROAD,5,"10/15/2022, 06:55:38"
103000950,1.3068028767465807 103.85699202345181 1.306434127199633 103.85739940333855,29,20,E,KELANTAN LANE,3,"10/15/2022, 06:55:38"
103000951,1.306434127199633 103.85739940333855 1.3068028767465807 103.85699202345181,39,30,E,KELANTAN LANE,4,"10/15/2022, 06:55:38"
103000952,1.3064163082912195 103.85365896674597 1.3069081713629047 103.85399994248284,999,70,E,KAMPONG KAPOR ROAD,8,"10/15/2022, 06:55:38"
103000956,1.3064163082912195 103.85365896674597 1.306893179904927 103.85364561816444,59,50,D,UPPER WELD ROAD,6,"10/15/2022, 06:55:38"
103000960,1.306396727200617 103.85594795272537 1.3070728937390994 103.85490426894879,29,20,E,VEERASAMY ROAD,3,"10/15/2022, 06:55:38"
103000966,1.306712724555774 103.84974167110374 1.3065860327220915 103.84964712513366,49,40,D,RACE COURSE ROAD,5,"10/15/2022, 06:55:38"
103000967,1.3065860327220915 103.84964712513366 1.306712724555774 103.84974167110374,39,30,D,RACE COURSE ROAD,4,"10/15/2022, 06:55:38"
103000970,1.3135785082460492 103.84261502964878 1.3147915862600077 103.84277519172518,29,20,E,LINCOLN ROAD,3,"10/15/2022, 06:55:38"
103000971,1.3147915862600077 103.84277519172518 1.3135785082460492 103.84261502964878,19,10,E,LINCOLN ROAD,2,"10/15/2022, 06:55:38"
103000974,1.3147915862600077 103.84277519172518 1.315854648211366 103.84294233512517,19,10,E,LINCOLN ROAD,2,"10/15/2022, 06:55:38"
103000975,1.315854648211366 103.84294233512517 1.3147915862600077 103.84277519172518,19,10,E,LINCOLN ROAD,2,"10/15/2022, 06:55:38"
103000978,1.3024905994868776 103.86174068091944 1.3029220018190328 103.86232921536688,29,20,E,MINTO ROAD,3,"10/15/2022, 06:55:38"
103000979,1.3029220018190328 103.86232921536688 1.3024905994868776 103.86174068091944,29,20,E,MINTO ROAD,3,"10/15/2022, 06:55:38"
103000980,1.302472770809991 103.83647688713734 1.303367431108309 103.83695623568973,29,20,C,BIDEFORD ROAD,3,"10/15/2022, 06:55:38"
103000986,1.3030837729876676 103.85917081005064 1.3024623974822258 103.85961424505442,29,20,E,KANDAHAR STREET,3,"10/15/2022, 06:55:38"
103000987,1.3024623974822258 103.85961424505442 1.3030837729876676 103.85917081005064,29,20,E,KANDAHAR STREET,3,"10/15/2022, 06:55:38"
103000988,1.3024590972915757 103.84059908315483 1.3028799250818761 103.84069188619374,39,30,E,CUPPAGE ROAD,4,"10/15/2022, 06:55:38"
103000994,1.3024590972915757 103.84059908315483 1.3026246610998955 103.83996913104441,999,70,E,CUPPAGE ROAD,8,"10/15/2022, 06:55:38"
103000995,1.3026246610998955 103.83996913104441 1.3024590972915757 103.84059908315483,999,70,E,CUPPAGE ROAD,8,"10/15/2022, 06:55:38"
103000998,1.3024467879891048 103.88812157587378 1.3033228152989749 103.8882730626597,29,20,E,ARTHUR ROAD,3,"10/15/2022, 06:55:38"
103000999,1.3033228152989749 103.8882730626597 1.3024467879891048 103.88812157587378,49,40,E,ARTHUR ROAD,5,"10/15/2022, 06:55:38"
103001002,1.34033817545588 103.93636757240168 1.3414544578880896 103.93700564947514,49,40,C,BEDOK RESERVOIR ROAD,5,"10/15/2022, 06:55:38"
103001003,1.3414544578880896 103.93700564947514 1.34033817545588 103.93636757240168,49,40,C,BEDOK RESERVOIR ROAD,5,"10/15/2022, 06:55:38"
103001006,1.3414544578880896 103.93700564947514 1.3425987954630587 103.93759652704715,49,40,C,BEDOK RESERVOIR ROAD,5,"10/15/2022, 06:55:38"
103001007,1.3425987954630587 103.93759652704715 1.3414544578880896 103.93700564947514,49,40,C,BEDOK RESERVOIR ROAD,5,"10/15/2022, 06:55:38"
103001010,1.3379520601149266 103.93151372717654 1.3378617043922947 103.93242761921088,49,40,C,BEDOK RESERVOIR ROAD,5,"10/15/2022, 06:55:38"
103001011,1.3378617043922947 103.93242761921088 1.3379520601149266 103.93151372717654,39,30,C,BEDOK RESERVOIR ROAD,4,"10/15/2022, 06:55:38"
103001014,1.3041716079250012 103.86070305839088 1.3033318543866834 103.8612214025896,29,20,C,JALAN SULTAN,3,"10/15/2022, 06:55:38"
103001015,1.3033318543866834 103.8612214025896 1.3041716079250012 103.86070305839088,29,20,C,JALAN SULTAN,3,"10/15/2022, 06:55:38"
103001018,1.349455495087144 103.84747160828421 1.3508288520103235 103.84777910458106,49,40,C,BISHAN ROAD,5,"10/15/2022, 06:55:38"
103001019,1.3508288520103235 103.84777910458106 1.349455495087144 103.84747160828421,49,40,C,BISHAN ROAD,5,"10/15/2022, 06:55:38"
103001022,1.3488913352141585 103.84734529408348 1.349455495087144 103.84747160828421,49,40,C,BISHAN ROAD,5,"10/15/2022, 06:55:38"
103001023,1.349455495087144 103.84747160828421 1.3488913352141585 103.84734529408348,39,30,C,BISHAN ROAD,4,"10/15/2022, 06:55:38"
103001034,1.3472543044108394 103.71041686476453 1.3458977909039784 103.70976275448838,29,20,C,BOON LAY AVENUE,3,"10/15/2022, 06:55:38"
103001035,1.3458977909039784 103.70976275448838 1.3472543044108394 103.71041686476453,29,20,C,BOON LAY AVENUE,3,"10/15/2022, 06:55:38"
103001038,1.3458977909039784 103.70976275448838 1.3455495249467528 103.70930947581078,29,20,C,BOON LAY AVENUE,3,"10/15/2022, 06:55:38"
103001039,1.3455495249467528 103.70930947581078 1.3458977909039784 103.70976275448838,29,20,C,BOON LAY AVENUE,3,"10/15/2022, 06:55:38"
103001042,1.3440545475479635 103.70714324306503 1.344343928501278 103.7075515692584,29,20,C,BOON LAY AVENUE,3,"10/15/2022, 06:55:38"
103001043,1.344343928501278 103.7075515692584 1.3440545475479635 103.70714324306503,29,20,C,BOON LAY AVENUE,3,"10/15/2022, 06:55:38"
103001044,1.31886026171601 103.84792388137056 1.319450709571759 103.84838600107199,49,40,F,MOULMEIN ROAD,5,"10/15/2022, 06:55:38"
103001048,1.3190500932755969 103.85122896251939 1.3189656799602085 103.85242780063555,39,30,F,MOULMEIN ROAD,4,"10/15/2022, 06:55:38"
103001054,1.313358012769702 103.85249622747389 1.313597881369882 103.85314368834017,49,40,E,WORCESTER ROAD,5,"10/15/2022, 06:55:38"
103001055,1.313597881369882 103.85314368834017 1.313358012769702 103.85249622747389,49,40,E,WORCESTER ROAD,5,"10/15/2022, 06:55:38"
103001058,1.3099261678549536 103.84267399691635 1.3101593752468101 103.84297256751098,19,10,E,WINSTEDT DRIVE,2,"10/15/2022, 06:55:38"
103001059,1.3101593752468101 103.84297256751098 1.3099261678549536 103.84267399691635,19,10,E,WINSTEDT DRIVE,2,"10/15/2022, 06:55:38"
103001066,1.3099035483864083 103.83141667541084 1.3101476274410442 103.83149312374148,39,30,D,DRAYCOTT PARK,4,"10/15/2022, 06:55:38"
103001067,1.3101476274410442 103.83149312374148 1.3099035483864083 103.83141667541084,39,30,D,DRAYCOTT PARK,4,"10/15/2022, 06:55:38"
103001070,1.3099035483864083 103.83141667541084 1.3101156398782912 103.83126111851554,29,20,D,DRAYCOTT PARK,3,"10/15/2022, 06:55:38"
103001071,1.3101156398782912 103.83126111851554 1.3099035483864083 103.83141667541084,39,30,D,DRAYCOTT PARK,4,"10/15/2022, 06:55:38"
103001074,1.31058157265364 103.82052243609898 1.3098953706522087 103.8210801506698,39,30,D,NASSIM ROAD,4,"10/15/2022, 06:55:38"
103001075,1.3098953706522087 103.8210801506698 1.31058157265364 103.82052243609898,69,60,D,NASSIM ROAD,7,"10/15/2022, 06:55:38"
103001076,1.310822121421863 103.83333771825176 1.3098922536055888 103.83345390955975,39,30,C,STEVENS ROAD,4,"10/15/2022, 06:55:38"
103001082,1.3077282875177416 103.85955238978066 1.3072420606194894 103.85909560812084,19,10,D,KING GEORGES AVENUE,2,"10/15/2022, 06:55:38"
103001083,1.3072420606194894 103.85909560812084 1.3077282875177416 103.85955238978066,19,10,D,KING GEORGES AVENUE,2,"10/15/2022, 06:55:38"
103001086,1.3072420606194894 103.85909560812084 1.3078794361010724 103.85846810483393,19,10,E,MAUDE ROAD,2,"10/15/2022, 06:55:38"
103001087,1.3078794361010724 103.85846810483393 1.3072420606194894 103.85909560812084,19,10,E,MAUDE ROAD,2,"10/15/2022, 06:55:38"
103001088,1.3071850894685886 103.8501717998829 1.307272894948953 103.85006617620294,999,70,E,BUFFALO ROAD,8,"10/15/2022, 06:55:38"
103001094,1.3071188143532448 103.81885660049718 1.3079617809120705 103.81871264830949,19,10,D,CLUNY ROAD,2,"10/15/2022, 06:55:38"
103001095,1.3079617809120705 103.81871264830949 1.3071188143532448 103.81885660049718,39,30,D,CLUNY ROAD,4,"10/15/2022, 06:55:38"
103001098,1.307170122823936 103.83645862549653 1.3073852522841434 103.8370603471685,49,40,C,CAIRNHILL ROAD,5,"10/15/2022, 06:55:38"
103001099,1.3073852522841434 103.8370603471685 1.307170122823936 103.83645862549653,39,30,C,CAIRNHILL ROAD,4,"10/15/2022, 06:55:38"
103001100,1.3185545940225802 103.84476840899393 1.3181085280127 103.84414294327067,29,20,F,MOULMEIN ROAD,3,"10/15/2022, 06:55:38"
103001106,1.309299949684641 103.85222615590367 1.3100042924352346 103.85269430495329,999,70,E,CHANDER ROAD,8,"10/15/2022, 06:55:38"
103001107,1.3100042924352346 103.85269430495329 1.309299949684641 103.85222615590367,69,60,E,CHANDER ROAD,7,"10/15/2022, 06:55:38"
103001110,1.309384725200985 103.8617179711374 1.3092891871958876 103.86179915389253,39,30,E,HORNE ROAD,4,"10/15/2022, 06:55:38"
103001111,1.3092891871958876 103.86179915389253 1.309384725200985 103.8617179711374,29,20,E,HORNE ROAD,3,"10/15/2022, 06:55:38"
103001114,1.3105239615560678 103.85656144683719 1.3092864620940106 103.85782331164867,29,20,D,KITCHENER ROAD,3,"10/15/2022, 06:55:38"
103001115,1.3092864620940106 103.85782331164867 1.3105239615560678 103.85656144683719,29,20,D,KITCHENER ROAD,3,"10/15/2022, 06:55:38"
103001116,1.3065538078292014 103.88324038023666 1.305298120233709 103.8830242190826,39,30,F,OLD AIRPORT ROAD,4,"10/15/2022, 06:55:38"
103001120,1.3059928888694998 103.85425391832095 1.305277654723263 103.85522047922288,39,30,D,UPPER WELD ROAD,4,"10/15/2022, 06:55:38"
103001124,1.3052748735326998 103.82352616140828 1.3055888686305448 103.82343904606199,39,30,F,TANGLIN ROAD,4,"10/15/2022, 06:55:38"
103001128,1.3053978073470158 103.82220600682551 1.3052748735326998 103.82352616140828,39,30,F,NAPIER ROAD,4,"10/15/2022, 06:55:38"
103001134,1.3508288520103235 103.84777910458106 1.3522028690601513 103.84808674500522,49,40,C,BISHAN ROAD,5,"10/15/2022, 06:55:38"
103001135,1.3522028690601513 103.84808674500522 1.3508288520103235 103.84777910458106,49,40,C,BISHAN ROAD,5,"10/15/2022, 06:55:38"
103001138,1.3121234483919337 103.86683186105031 1.3114124898343449 103.86824892611672,29,20,D,KALLANG AVENUE,3,"10/15/2022, 06:55:38"
103001139,1.3114124898343449 103.86824892611672 1.3121234483919337 103.86683186105031,69,60,D,KALLANG AVENUE,7,"10/15/2022, 06:55:38"
103001142,1.3114124898343449 103.86824892611672 1.3104938696843227 103.86714226096593,29,20,D,KALLANG AVENUE,3,"10/15/2022, 06:55:38"
103001143,1.3104938696843227 103.86714226096593 1.3114124898343449 103.86824892611672,19,10,D,KALLANG AVENUE,2,"10/15/2022, 06:55:38"
103001146,1.3570406703029732 103.85029407367034 1.3580342639922915 103.85088952430387,19,10,C,BISHAN ROAD,2,"10/15/2022, 06:55:38"
103001147,1.3580342639922915 103.85088952430387 1.3570406703029732 103.85029407367034,39,30,C,BISHAN ROAD,4,"10/15/2022, 06:55:38"
103001150,1.3580342639922915 103.85088952430387 1.3590278665630788 103.8514849754271,19,10,C,BISHAN ROAD,2,"10/15/2022, 06:55:38"
103001151,1.3590278665630788 103.8514849754271 1.3580342639922915 103.85088952430387,39,30,C,BISHAN ROAD,4,"10/15/2022, 06:55:38"
103001154,1.3378617043922947 103.93242761921088 1.3378966589737933 103.93262667800124,49,40,C,BEDOK RESERVOIR ROAD,5,"10/15/2022, 06:55:38"
103001155,1.3378966589737933 103.93262667800124 1.3378617043922947 103.93242761921088,39,30,C,BEDOK RESERVOIR ROAD,4,"10/15/2022, 06:55:38"
103001158,1.3231419719897588 103.92735082418997 1.3227290456435956 103.927430968462,39,30,C,BEDOK SOUTH ROAD,4,"10/15/2022, 06:55:38"
103001159,1.3227290456435956 103.927430968462 1.3231419719897588 103.92735082418997,39,30,C,BEDOK SOUTH ROAD,4,"10/15/2022, 06:55:38"
103001162,1.3590278665630788 103.8514849754271 1.3594359952743287 103.85172955927906,19,10,C,BISHAN ROAD,2,"10/15/2022, 06:55:38"
103001163,1.3594359952743287 103.85172955927906 1.3590278665630788 103.8514849754271,39,30,C,BISHAN ROAD,4,"10/15/2022, 06:55:38"
103001166,1.3594359952743287 103.85172955927906 1.359624970370861 103.85184280704898,19,10,C,BISHAN ROAD,2,"10/15/2022, 06:55:38"
103001167,1.359624970370861 103.85184280704898 1.3594359952743287 103.85172955927906,39,30,C,BISHAN ROAD,4,"10/15/2022, 06:55:38"
103001170,1.3184325030791815 103.92983778059923 1.3184072069631432 103.93009678674385,39,30,C,BEDOK SOUTH ROAD,4,"10/15/2022, 06:55:38"
103001171,1.3184072069631432 103.93009678674385 1.3184325030791815 103.92983778059923,39,30,C,BEDOK SOUTH ROAD,4,"10/15/2022, 06:55:38"
103001174,1.3481248602480003 103.84716987236547 1.3467011842705927 103.84688060830581,49,40,C,BISHAN ROAD,5,"10/15/2022, 06:55:38"
103001175,1.3467011842705927 103.84688060830581 1.3481248602480003 103.84716987236547,39,30,C,BISHAN ROAD,4,"10/15/2022, 06:55:38"
103001178,1.3033040994320206 103.88806880482987 1.3024467879891048 103.88812157587378,49,40,E,LYNDHURST ROAD,5,"10/15/2022, 06:55:38"
103001179,1.3024467879891048 103.88812157587378 1.3033040994320206 103.88806880482987,29,20,E,LYNDHURST ROAD,3,"10/15/2022, 06:55:38"
103001180,1.3026957990927432 103.82405852392625 1.302429931449246 103.82340946928127,39,30,C,ORCHARD BOULEVARD,4,"10/15/2022, 06:55:38"
103001186,1.302429931449246 103.82340946928127 1.303054784356424 103.82344916460241,39,30,C,GRANGE ROAD,4,"10/15/2022, 06:55:38"
103001187,1.303054784356424 103.82344916460241 1.302429931449246 103.82340946928127,49,40,C,GRANGE ROAD,5,"10/15/2022, 06:55:38"
103001188,1.303163123791825 103.8580933193693 1.3024251106240274 103.85872812577652,39,30,E,JALAN PINANG,4,"10/15/2022, 06:55:38"
103001194,1.3023244753572962 103.81556923519429 1.303289677502834 103.8156809896024,29,20,E,TANGLIN HILL,3,"10/15/2022, 06:55:38"
103001195,1.303289677502834 103.8156809896024 1.3023244753572962 103.81556923519429,19,10,E,TANGLIN HILL,2,"10/15/2022, 06:55:38"
103001198,1.3023118710455295 103.85316975650862 1.3029486225222129 103.85235039535674,29,20,D,ALBERT STREET,3,"10/15/2022, 06:55:38"
103001199,1.3029486225222129 103.85235039535674 1.3023118710455295 103.85316975650862,29,20,D,ALBERT STREET,3,"10/15/2022, 06:55:38"
103001200,1.2891926275810617 103.85120581188629 1.2893271856836854 103.85153421166655,39,30,F,PARLIAMENT PLACE,4,"10/15/2022, 06:55:38"
103001206,1.3162715531513092 103.85325411434806 1.3165492139574482 103.85401877433466,39,30,E,RANGOON LANE,4,"10/15/2022, 06:55:38"
103001207,1.3165492139574482 103.85401877433466 1.3162715531513092 103.85325411434806,39,30,E,RANGOON LANE,4,"10/15/2022, 06:55:38"
103001210,1.309788142655336 103.83177866474172 1.309632040452508 103.8321281642356,39,30,D,DRAYCOTT DRIVE,4,"10/15/2022, 06:55:38"
103001211,1.309632040452508 103.8321281642356 1.309788142655336 103.83177866474172,999,70,D,DRAYCOTT DRIVE,8,"10/15/2022, 06:55:38"
103001212,1.309788142655336 103.83177866474172 1.3096279339357806 103.83110989321554,999,70,F,DRAYCOTT DRIVE,8,"10/15/2022, 06:55:38"
103001218,1.3096279339357806 103.83110989321554 1.309694857000047 103.83119447352243,49,40,D,DRAYCOTT DRIVE,5,"10/15/2022, 06:55:38"
103001219,1.309694857000047 103.83119447352243 1.3096279339357806 103.83110989321554,49,40,D,DRAYCOTT DRIVE,5,"10/15/2022, 06:55:38"
103001226,1.3099051585628567 103.86554520014256 1.309253800591554 103.86611733337693,39,30,D,PADANG JERINGAU,4,"10/15/2022, 06:55:38"
103001227,1.309253800591554 103.86611733337693 1.3099051585628567 103.86554520014256,29,20,D,PADANG JERINGAU,3,"10/15/2022, 06:55:38"
103001230,1.309221657875194 103.88033745809436 1.3093222221148553 103.88087126937101,999,70,E,GUILLEMARD CRESCENT,8,"10/15/2022, 06:55:38"
