Camera_Id,ROI,Direction
1001,"[(22, 239), (54, 25), (140, 22), (199, 103), (286, 239)]",KPE (TPE)
1001,"[(318, 202), (314, 202), (251, 201), (132, 1), (232, 2), (316, 54)]",ECP (CHANGI)
1001,"[(318, 62), (315, 60), (281, 40), (247, 23), (304, 6), (316, 19)]",ECP (CITY)
1002,"[(34, 237), (34, 201), (35, 155), (35, 117), (38, 72), (86, 77), (124, 130), (154, 176), (207, 239)]",KPE (ECP)
1002,"[(205, 236), (170, 197), (139, 163), (107, 120), (87, 83), (87, 74), (135, 67), (173, 88), (223, 112), (272, 139), (318, 160), (313, 236)]",PIE (TUAS)
1002,"[(318, 163), (316, 163), (289, 152), (254, 133), (221, 113), (199, 104), (177, 90), (159, 75), (156, 68), (167, 66), (194, 70), (217, 91), (253, 102), (297, 113), (319, 123), (316, 122)]",PIE (CHANGI)
1003,"[(8, 211), (31, 150), (49, 103), (58, 71), (20, 64), (7, 75), (0, 79), (0, 188)]",PIE (CHANGI)
1003,"[(10, 236), (21, 187), (30, 142), (43, 102), (48, 95), (54, 76), (81, 75), (97, 115), (124, 170), (171, 237)]",KPE (TPE)
1003,"[(172, 236), (146, 197), (122, 159), (107, 122), (94, 101), (84, 85), (82, 75), (107, 75), (139, 99), (188, 132), (229, 161), (278, 190), (317, 219), (316, 237)]",KPE (ECP)
1003,"[(318, 215), (315, 212), (253, 177), (214, 150), (163, 119), (134, 97), (118, 85), (103, 71), (99, 63), (132, 62), (167, 78), (219, 93), (269, 107), (317, 122)]",PIE (CHANGI)
1004,"[(91, 239), (122, 197), (136, 153), (131, 131), (121, 110), (114, 105), (95, 100), (81, 102), (66, 116), (52, 128), (40, 144), (29, 160), (14, 175), (2, 187), (5, 238)]",PIE (TUAS)
1004,"[(193, 237), (206, 207), (216, 177), (226, 151), (228, 141), (276, 144), (294, 169), (313, 201), (317, 235)]",KPE (ECP)
1005,"[(2, 185), (45, 159), (92, 132), (135, 107), (177, 80), (212, 64), (204, 51), (190, 48), (163, 53), (119, 66), (81, 77), (35, 89), (1, 100)]",KPE (ECP)
1005,"[(0, 185), (40, 163), (93, 129), (138, 102), (177, 81), (205, 62), (219, 55), (246, 58), (247, 93), (250, 149), (254, 204), (252, 237)]",KPE (TPE)
1006,"[(105, 238), (124, 187), (145, 129), (150, 95), (151, 74), (153, 51), (195, 50), (210, 68), (246, 88), (295, 115), (319, 125), (314, 234)]",KPE (ECP)
1006,"[(316, 126), (283, 106), (251, 92), (230, 81), (218, 72), (217, 53), (226, 48), (262, 48), (290, 46), (307, 46), (318, 48)]",KPE (TPE)
1501,"[(130, 238), (135, 195), (145, 136), (146, 83), (190, 78), (221, 130), (275, 192), (307, 237)]",MCE (ECP)
1502,"[(292, 235), (302, 5), (4, 3), (4, 235)]",MCE (AYE)
1503,"[(96, 238), (93, 192), (100, 143), (113, 100), (113, 93), (74, 89), (47, 96), (2, 102), (2, 232)]",MCE (AYE)
1503,"[(102, 238), (97, 204), (99, 147), (99, 111), (109, 91), (155, 88), (209, 94), (275, 98), (317, 105), (315, 237)]",MCE (ECP)
1504,"[(312, 234), (313, 3), (3, 3), (3, 234)]",MCE (AYE)
1505,"[(311, 235), (312, 7), (4, 3), (7, 234)]",MCE (ECP)
1701,"[(3, 717), (127, 649), (272, 567), (446, 476), (583, 405), (759, 319), (909, 245), (980, 218), (1033, 190), (1049, 153), (1027, 126), (965, 124), (868, 135), (799, 150), (682, 151), (614, 213), (463, 329), (225, 419), (70, 511), (6, 543)]",MOULMEIN
1701,"[(5, 716), (136, 636), (314, 541), (499, 441), (660, 361), (835, 279), (973, 220), (1084, 157), (1214, 106), (1331, 91), (1395, 119), (1263, 181), (1153, 244), (991, 345), (807, 450), (579, 604), (11, 1030)]",CITY
1701,"[(19, 1063), (476, 697), (782, 461), (951, 353), (1149, 228), (1300, 145), (1390, 98), (1462, 81), (1509, 58), (1510, 36), (1598, 43), (1612, 110), (1623, 271), (1656, 483), (1752, 1066)]",SLE
1702,"[(115, 1073), (158, 735), (227, 407), (246, 321), (208, 260), (225, 206), (241, 192), (319, 194), (387, 262), (498, 341), (660, 446), (855, 560), (1094, 730), (1484, 986), (1620, 1077), (139, 1078)]",SLE
1702,"[(1611, 1075), (1337, 905), (930, 639), (668, 452), (540, 387), (457, 327), (393, 284), (346, 252), (336, 234), (469, 220), (574, 237), (752, 290), (933, 330), (1114, 379), (1322, 430), (1528, 469), (1766, 519), (1908, 543), (1909, 1077), (1630, 1075)]",CITY
1703,"[(5, 805), (145, 728), (426, 567), (611, 451), (798, 359), (889, 295), (912, 250), (925, 212), (934, 181), (882, 169), (822, 170), (808, 193), (730, 241), (554, 319), (4, 560)]",PIE (CHANGI)
1703,"[(4, 803), (167, 716), (428, 565), (606, 466), (713, 408), (832, 339), (907, 250), (951, 211), (952, 168), (1016, 168), (1050, 200), (1060, 244), (1027, 320), (917, 413), (725, 571), (66, 1071), (13, 1077)]",SLE
1703,"[(31, 1078), (363, 870), (677, 602), (903, 434), (1020, 325), (1059, 275), (1065, 239), (1060, 222), (1162, 220), (1214, 252), (1265, 296), (1333, 400), (1428, 615), (1483, 1075)]",AYE
1703,"[(1912, 677), (1472, 499), (1384, 450), (1333, 409), (1275, 327), (1246, 288), (1200, 250), (1152, 226), (1141, 221), (1188, 174), (1321, 198), (1513, 268), (1724, 394), (1918, 481), (1912, 473)]",PIE (TUAS)
1704,"[(0, 1061), (73, 856), (290, 604), (483, 415), (634, 303), (757, 259), (888, 248), (1014, 243), (1109, 243), (1180, 241), (1266, 249), (1259, 275), (1161, 289), (1090, 306), (1052, 333), (1075, 394), (1132, 465), (1233, 544), (1413, 681), (1625, 834), (1876, 1075), (502, 1079)]",SLE
1704,"[(1880, 1077), (1717, 963), (1338, 627), (1135, 478), (1074, 417), (1031, 365), (1036, 330), (1053, 311), (1085, 291), (1148, 282), (1208, 280), (1251, 273), (1293, 266), (1310, 286), (1366, 299), (1506, 266), (1668, 287), (1916, 359), (1905, 1064)]",AYE
1705,"[(9, 963), (431, 678), (652, 514), (874, 382), (1067, 290), (1230, 215), (1355, 158), (1445, 117), (1519, 90), (1599, 64), (1535, 5), (1206, 22), (889, 38), (679, 83), (294, 141), (108, 203), (1, 217)]",SLE
1705,"[(2, 977), (273, 775), (583, 565), (782, 423), (961, 328), (1134, 246), (1265, 187), (1375, 137), (1471, 100), (1573, 71), (1626, 83), (1666, 308), (1732, 603), (1781, 902), (1846, 1077), (11, 1072)]",CTE
1706,"[(108, 1076), (164, 885), (227, 667), (293, 491), (329, 384), (329, 313), (316, 266), (291, 224), (258, 195), (239, 166), (308, 151), (360, 178), (410, 209), (477, 257), (520, 314), (583, 400), (642, 558), (719, 764), (811, 959), (865, 1077)]",YIO CHU KANG RD
1706,"[(802, 1076), (751, 940), (694, 749), (633, 611), (597, 492), (554, 386), (528, 314), (498, 258), (476, 219), (470, 180), (602, 183), (626, 223), (704, 249), (851, 321), (1055, 439), (1262, 583), (1496, 750), (1798, 939), (1911, 1010), (1908, 1076)]",SLE
1706,"[(1915, 1000), (1652, 835), (1370, 661), (1156, 511), (994, 407), (881, 343), (775, 289), (706, 250), (656, 232), (605, 214), (659, 190), (773, 188), (986, 203), (1209, 251), (1511, 360), (1794, 432), (1917, 476), (1912, 496)]",AYE
1707,"[(417, 1074), (436, 913), (461, 660), (479, 520), (476, 446), (436, 375), (389, 308), (469, 274), (545, 282), (609, 322), (695, 376), (760, 462), (860, 572), (972, 740), (1081, 895), (1217, 1077)]",JALAN BUKIT MERAH
1707,"[(1198, 1078), (1133, 989), (940, 692), (751, 435), (661, 291), (624, 244), (684, 239), (796, 282), (1057, 364), (1324, 492), (1644, 685), (1911, 810), (1904, 1061)]",AYE
1707,"[(1916, 869), (1530, 641), (1272, 499), (1019, 359), (875, 301), (733, 247), (825, 213), (968, 203), (1155, 226), (1336, 243), (1540, 296), (1726, 359), (1914, 407), (1913, 861)]",SLE
1709,"[(87, 1078), (76, 820), (88, 599), (63, 417), (5, 330), (3, 105), (159, 97), (338, 185), (528, 242), (973, 395), (1281, 534), (1760, 746), (1908, 812), (1913, 1072)]",CITY
1709,"[(359, 208), (446, 179), (559, 156), (774, 175), (977, 203), (1256, 245), (1500, 290), (1703, 342), (1918, 395), (1917, 834), (1910, 839), (1425, 603), (1027, 434), (825, 340), (623, 278), (471, 237)]",SLE
1711,"[(12, 1061), (167, 868), (331, 676), (464, 508), (559, 383), (612, 311), (650, 244), (661, 195), (665, 152), (748, 148), (857, 217), (990, 303), (1117, 409), (1343, 583), (1569, 781), (1774, 990), (1882, 1074)]",CITY
1711,"[(1865, 1078), (1654, 878), (1366, 629), (1151, 454), (1020, 353), (895, 259), (856, 227), (973, 228), (1089, 259), (1292, 323), (1447, 383), (1605, 457), (1788, 551), (1915, 609), (1898, 1064)]",SLE
2701,"[(10, 1053), (284, 1008), (521, 962), (867, 838), (1213, 647), (1430, 528), (1617, 435), (1811, 327), (1904, 281), (1911, 15), (1826, 197), (1602, 291), (1334, 387), (1104, 483), (814, 637), (573, 689), (294, 766), (8, 826)]",JOHOR
2701,"[(103, 1060), (331, 985), (632, 896), (902, 787), (1178, 654), (1482, 491), (1673, 386), (1844, 291), (1913, 255), (1908, 457), (1294, 837), (929, 1072), (159, 1070)]",WOODLANDS
2702,"[(1164, 1072), (1108, 988), (1024, 869), (944, 784), (862, 714), (780, 654), (713, 613), (676, 576), (598, 524), (554, 477), (495, 412), (450, 336), (435, 269), (424, 158), (421, 74), (370, 4), (212, 4), (156, 50), (112, 218), (101, 365), (128, 471), (130, 552), (213, 709), (258, 806), (258, 966), (258, 1074)]",BKE
2702,"[(1130, 1073), (1911, 1064), (1799, 964), (1685, 856), (1454, 655), (1360, 574), (1197, 453), (1104, 429), (969, 393), (844, 371), (828, 293), (795, 233), (780, 147), (758, 86), (723, 7), (381, 4), (403, 142), (409, 276), (453, 367), (532, 472), (568, 513), (586, 572), (621, 604), (724, 644), (810, 692), (957, 806), (1078, 922), (1125, 1040), (1138, 1076)]",CAUSEWAY
2703,"[(156, 1075), (335, 830), (509, 573), (628, 406), (705, 302), (764, 218), (780, 160), (765, 136), (732, 126), (695, 120), (652, 118), (597, 122), (512, 143), (341, 164), (151, 231), (0, 302), (0, 1062)]",WOODLANDS
2703,"[(146, 1077), (274, 894), (401, 709), (492, 564), (592, 442), (671, 351), (727, 272), (757, 235), (773, 198), (777, 169), (770, 142), (742, 128), (805, 128), (843, 143), (877, 212), (929, 346), (1007, 560), (1086, 789), (1143, 974), (1195, 1077), (196, 1073)]",PIE JURONG
2703,"[(1192, 1076), (1127, 912), (1043, 695), (974, 501), (931, 389), (894, 284), (866, 195), (834, 144), (816, 131), (904, 75), (1103, 142), (1459, 248), (1772, 392), (1918, 515), (1917, 570), (1911, 563), (1906, 1069)]",PIE CHANGI
2704,"[(446, 1071), (497, 884), (563, 657), (645, 478), (696, 349), (747, 290), (799, 257), (865, 236), (935, 221), (991, 228), (975, 274), (969, 306), (1033, 377), (1187, 495), (1479, 678), (1779, 864), (1900, 967), (1903, 1078)]",WOODLANDS
2705,"[(264, 1071), (287, 833), (368, 600), (392, 414), (448, 251), (468, 109), (477, 18), (634, 16), (689, 96), (816, 166), (1080, 344), (1367, 515), (1699, 676), (1901, 799), (1907, 1069)]",PIE
2705,"[(1917, 840), (1906, 829), (1647, 647), (1344, 490), (1101, 365), (879, 228), (750, 154), (650, 85), (810, 38), (1067, 70), (1259, 118), (1510, 167), (1751, 224), (1908, 268)]",WOODLANDS
2706,"[(316, 1073), (348, 944), (417, 757), (482, 597), (517, 471), (561, 377), (583, 317), (574, 283), (570, 268), (616, 263), (651, 266), (686, 285), (713, 310), (760, 363), (819, 406), (905, 467), (1010, 528), (1136, 613), (1294, 697), (1500, 819), (1793, 1018), (1898, 1072), (1199, 1076), (355, 1077)]",WOODLANDS
2706,"[(1879, 1065), (1608, 917), (1390, 788), (1177, 648), (994, 527), (879, 453), (792, 392), (747, 353), (718, 328), (706, 302), (792, 294), (873, 318), (992, 363), (1136, 399), (1333, 466), (1538, 522), (1739, 584), (1917, 624), (1913, 637), (1901, 1064)]",PIE
2707,"[(8, 844), (332, 610), (653, 448), (883, 307), (1064, 207), (1157, 151), (1227, 117), (1262, 80), (1258, 39), (1258, 7), (1152, 13), (1084, 16), (1050, 58), (925, 91), (836, 113), (715, 136), (552, 177), (381, 212), (233, 248), (7, 287), (5, 300)]",WOODLANDS
2707,"[(4, 867), (173, 743), (372, 621), (574, 505), (713, 418), (867, 316), (986, 241), (1107, 178), (1194, 127), (1250, 92), (1264, 69), (1264, 39), (1268, 15), (1376, 8), (1430, 64), (1538, 150), (1587, 278), (1635, 460), (1746, 674), (1806, 904), (1875, 1071), (8, 1064), (7, 887)]",PIE
2708,"[(435, 1), (450, 63), (500, 202), (579, 392), (712, 667), (853, 950), (924, 1077), (6, 1070), (4, 7)]",KJE
2708,"[(909, 1078), (752, 781), (611, 514), (521, 268), (459, 122), (426, 2), (561, 8), (736, 125), (995, 289), (1232, 455), (1605, 729), (1911, 964), (1907, 1073)]",WOODLANDS
2708,"[(1913, 1022), (1526, 709), (1251, 483), (1033, 328), (817, 177), (690, 103), (539, 7), (730, 1), (997, 56), (1354, 179), (1616, 302), (1918, 485), (1913, 529)]",PIE
3702,"[(1903, 895), (1526, 586), (1289, 402), (980, 217), (802, 120), (677, 63), (630, 29), (609, 7), (1, 2), (3, 1060), (853, 1070), (1903, 1067)]",AIRPORT
3702,"[(1910, 860), (1551, 598), (1187, 333), (961, 205), (816, 131), (698, 73), (662, 46), (612, 1), (1911, 11), (1908, 486), (1908, 873)]",CITY
3704,"[(5, 935), (187, 800), (438, 627), (597, 516), (788, 392), (910, 305), (1008, 249), (1089, 203), (1142, 170), (1170, 154), (1010, 120), (914, 139), (757, 195), (572, 240), (365, 304), (213, 349), (71, 408), (5, 428)]",CITY
3704,"[(4, 953), (230, 774), (438, 623), (616, 493), (772, 383), (890, 299), (992, 246), (1074, 198), (1129, 167), (1175, 139), (1190, 127), (1217, 114), (1253, 111), (1281, 123), (1330, 137), (1341, 179), (1325, 263), (1365, 420), (1436, 634), (1471, 813), (1541, 1075), (13, 1058)]",CHANGI
3705,"[(1256, 1070), (1098, 893), (957, 730), (827, 590), (726, 485), (623, 372), (528, 264), (458, 208), (403, 164), (323, 140), (252, 143), (215, 143), (178, 169), (132, 214), (82, 264), (174, 365), (273, 453), (287, 730), (345, 955), (358, 1075), (1237, 1073)]",XILIN AVE CHANGI COAST RD
3705,"[(1237, 1068), (1088, 904), (969, 781), (829, 621), (737, 511), (650, 402), (576, 318), (512, 244), (463, 181), (429, 135), (409, 97), (455, 101), (547, 129), (664, 153), (891, 220), (1130, 289), (1336, 381), (1563, 449), (1785, 551), (1913, 590), (1912, 1074), (1241, 1069)]",CITY
3705,"[(1906, 583), (1687, 500), (1421, 383), (1226, 330), (1026, 260), (864, 208), (746, 177), (646, 148), (588, 135), (663, 109), (782, 129), (945, 150), (1136, 177), (1320, 208), (1588, 260), (1764, 315), (1918, 375), (1910, 391), (1909, 624)]",AIRPORT
3793,"[(565, 1074), (488, 919), (427, 717), (373, 559), (344, 446), (321, 332), (300, 248), (281, 146), (261, 81), (252, 46), (317, 46), (380, 95), (453, 149), (580, 256), (744, 367), (939, 516), (1159, 694), (1488, 887), (1739, 1077), (602, 1076)]",CHANGI
3793,"[(1802, 1067), (1397, 824), (1213, 669), (1050, 569), (938, 490), (808, 393), (690, 315), (572, 242), (506, 189), (440, 149), (407, 121), (615, 112), (783, 154), (991, 236), (1171, 304), (1311, 363), (1530, 433), (1700, 490), (1912, 556), (1900, 1065), (1744, 1066)]",CITY
3795,"[(1507, 1067), (1351, 746), (1238, 569), (1153, 423), (1072, 302), (1000, 222), (980, 187), (960, 129), (907, 140), (851, 234), (797, 323), (687, 522), (603, 700), (528, 864), (440, 1075)]",AYE/CITY
3795,"[(1514, 1075), (1365, 822), (1281, 663), (1211, 544), (1134, 410), (1068, 306), (1033, 253), (1000, 219), (979, 183), (957, 160), (959, 134), (1096, 180), (1151, 227), (1299, 285), (1462, 288), (1646, 304), (1819, 294), (1918, 301), (1900, 540), (1893, 697), (1902, 880), (1914, 1058), (1901, 1070), (1503, 1073)]",MARINE PARADE
3796,"[(1626, 1069), (1474, 920), (1319, 757), (1201, 659), (1084, 555), (994, 477), (913, 402), (856, 351), (811, 304), (782, 273), (760, 243), (692, 235), (585, 254), (389, 380), (227, 484), (62, 548), (5, 580), (12, 1069), (251, 1074), (1592, 1078)]",CHANGI
3796,"[(1634, 1075), (1485, 957), (1318, 800), (1197, 677), (1102, 587), (1010, 499), (947, 439), (882, 372), (832, 325), (802, 296), (786, 268), (917, 252), (1044, 269), (1224, 361), (1409, 450), (1617, 559), (1797, 639), (1916, 699), (1906, 1071), (1744, 1072)]",AYE/CITY
3797,"[(62, 1071), (69, 789), (80, 545), (83, 384), (105, 243), (109, 169), (120, 115), (127, 86), (210, 99), (263, 144), (337, 185), (419, 223), (520, 281), (639, 354), (786, 453), (981, 585), (1260, 757), (1490, 911), (1744, 1078), (82, 1075)]",CITY
3797,"[(1766, 1079), (1508, 949), (1100, 677), (861, 515), (651, 388), (488, 276), (391, 224), (314, 185), (274, 171), (251, 157), (246, 137), (408, 123), (519, 142), (611, 169), (835, 240), (984, 290), (1209, 363), (1532, 472), (1740, 546), (1918, 601), (1913, 627), (1901, 1071), (1717, 1072)]",CHANGI
3798,"[(391, 1066), (390, 919), (381, 711), (382, 544), (398, 396), (411, 278), (453, 187), (526, 125), (606, 83), (695, 57), (790, 42), (882, 29), (975, 32), (938, 53), (846, 79), (781, 104), (746, 129), (728, 173), (744, 215), (802, 287), (879, 365), (1022, 501), (1255, 715), (1647, 1070), (416, 1075)]",CHANGI
3798,"[(1639, 1073), (1454, 926), (1288, 764), (1139, 619), (963, 452), (857, 352), (797, 283), (745, 222), (725, 175), (732, 149), (758, 117), (810, 90), (859, 78), (893, 69), (940, 55), (1001, 50), (1087, 45), (1175, 34), (1264, 33), (1271, 46), (1189, 57), (1136, 68), (1092, 78), (1031, 91), (986, 102), (970, 112), (959, 121), (955, 141), (972, 168), (1072, 219), (1238, 287), (1479, 381), (1691, 473), (1915, 587), (1906, 1075), (1631, 1072)]",CITY
4701,"[(8, 679), (131, 567), (247, 474), (383, 414), (465, 371), (552, 336), (622, 303), (687, 274), (713, 262), (736, 224), (867, 228), (863, 265), (867, 311), (941, 354), (1093, 416), (1336, 538), (1618, 664), (1880, 784), (1910, 816), (1906, 1076), (11, 1065), (5, 798)]",CITY
4701,"[(1916, 811), (1910, 808), (1564, 630), (1297, 514), (1103, 431), (972, 374), (909, 345), (871, 319), (860, 301), (864, 267), (873, 233), (1054, 239), (1155, 268), (1251, 302), (1337, 315), (1555, 382), (1722, 436), (1857, 451), (1915, 472), (1913, 811)]",JURONG
4702,"[(670, 6), (665, 31), (665, 31), (650, 65), (619, 107), (590, 176), (599, 231), (663, 327), (764, 448), (962, 627), (1223, 852), (1526, 1068), (21, 1073), (32, 697), (53, 523), (94, 391), (169, 255), (243, 182), (328, 127), (435, 82), (516, 52), (551, 5), (663, 1), (662, 40)]",JURONG
4702,"[(675, 4), (654, 46), (630, 83), (605, 137), (598, 198), (638, 266), (751, 369), (860, 464), (969, 558), (1142, 705), (1451, 935), (1659, 1067), (1908, 1070), (1909, 703), (1452, 465), (1188, 328), (1012, 251), (899, 182), (831, 115), (800, 50), (792, 11), (678, 1)]",CHANGI
4703,"[(10, 1074), (652, 1074), (1183, 1005), (1544, 908), (1688, 812), (1785, 725), (1771, 630), (1691, 566), (1512, 488), (1281, 418), (1101, 370), (894, 292), (662, 212), (525, 167), (309, 90), (88, 6), (2, 6), (7, 70), (103, 125), (294, 225), (440, 299), (618, 368), (731, 436), (769, 474), (807, 531), (793, 584), (710, 630), (613, 658), (479, 706), (358, 744), (203, 780), (2, 834), (9, 1069)]",JOHOR
4703,"[(52, 3), (166, 44), (347, 106), (576, 186), (801, 263), (1029, 351), (1245, 426), (1441, 478), (1624, 537), (1744, 596), (1777, 684), (1725, 765), (1557, 854), (1293, 939), (1103, 986), (894, 1023), (651, 1078), (1902, 1066), (1912, 342), (1767, 318), (1578, 275), (1409, 234), (1210, 181), (1048, 147), (873, 96), (617, 37), (325, 3), (87, 2)]",TUAS
4704,"[(939, 1065), (936, 833), (936, 533), (940, 315), (981, 141), (1009, 59), (1054, 14), (232, 6), (2, 4), (5, 1062), (17, 1076), (949, 1072)]",MCE
4704,"[(1898, 1072), (1725, 829), (1581, 510), (1394, 226), (1300, 82), (1269, 10), (1080, 2), (1041, 47), (996, 129), (959, 237), (917, 363), (904, 568), (915, 710), (950, 871), (987, 1075), (1826, 1078)]",CTE
4705,"[(70, 1061), (47, 870), (36, 675), (36, 478), (42, 350), (62, 244), (84, 157), (94, 117), (81, 73), (81, 51), (125, 65), (153, 87), (201, 116), (282, 171), (379, 242), (567, 367), (757, 509), (1039, 699), (1300, 870), (1683, 1073)]",CITY
4705,"[(1666, 1073), (1416, 936), (1151, 778), (918, 621), (728, 482), (592, 402), (478, 322), (375, 248), (306, 197), (248, 153), (206, 123), (335, 92), (513, 125), (694, 184), (887, 264), (1112, 365), (1431, 484), (1669, 612), (1916, 712), (1916, 736), (1906, 1067), (1648, 1068)]",JURONG
4706,"[(8, 819), (234, 622), (427, 446), (618, 308), (773, 203), (876, 130), (953, 45), (1083, 56), (1133, 134), (1192, 186), (1333, 276), (1517, 386), (1748, 557), (1895, 675), (1911, 1074), (12, 1065), (13, 867)]",JURONG
4707,"[(7, 861), (132, 748), (235, 663), (391, 552), (524, 456), (618, 386), (722, 301), (773, 255), (798, 204), (882, 203), (941, 260), (1022, 332), (1169, 453), (1334, 608), (1501, 763), (1703, 939), (1872, 1074), (15, 1074)]",CITY
4707,"[(1854, 1074), (1653, 907), (1475, 724), (1301, 582), (1183, 468), (1081, 382), (1001, 321), (938, 270), (919, 256), (1053, 232), (1189, 261), (1371, 323), (1566, 385), (1721, 441), (1916, 494), (1900, 1062)]",JOHOR
4708,"[(9, 1068), (149, 942), (331, 768), (534, 585), (675, 478), (777, 404), (828, 353), (857, 319), (965, 324), (1017, 364), (1110, 396), (1246, 461), (1446, 569), (1661, 694), (1906, 838), (1900, 1074), (85, 1073)]",CITY
4709,"[(125, 1077), (659, 763), (871, 617), (1008, 535), (1105, 481), (1222, 399), (1306, 336), (1362, 283), (1394, 256), (1476, 248), (1548, 256), (1561, 336), (1559, 410), (1565, 582), (1595, 774), (1680, 1075)]",CITY
4709,"[(0, 635), (178, 580), (410, 511), (589, 454), (712, 411), (845, 373), (934, 327), (1045, 291), (1105, 252), (1178, 223), (1265, 229), (1308, 247), (1318, 287), (1236, 365), (1016, 500), (818, 620), (669, 704), (451, 823), (314, 914), (151, 1011), (0, 1073)]",JURONG
4710,"[(191, 1077), (232, 967), (288, 840), (418, 575), (585, 334), (675, 227), (729, 191), (750, 123), (732, 82), (835, 71), (976, 76), (1028, 136), (1118, 229), (1205, 300), (1302, 384), (1462, 518), (1598, 661), (1710, 761), (1812, 874), (1905, 974), (1916, 1077)]",JURONG
4710,"[(1912, 921), (1739, 729), (1555, 550), (1374, 392), (1179, 245), (1069, 176), (956, 121), (916, 101), (1094, 94), (1200, 135), (1318, 165), (1424, 195), (1515, 230), (1682, 287), (1919, 323), (1918, 523), (1916, 652), (1919, 880)]",CITY
4712,"[(331, 1079), (306, 876), (295, 643), (290, 436), (315, 283), (321, 178), (306, 105), (299, 69), (429, 50), (469, 104), (586, 166), (750, 251), (1010, 369), (1176, 445), (1376, 547), (1540, 616), (1781, 745), (1919, 825), (1918, 1077), (950, 1079), (326, 1079)]",JOHOR
4712,"[(1335, 524), (822, 270), (610, 180), (490, 116), (415, 87), (554, 79), (702, 112), (809, 133), (994, 176), (1172, 214), (1365, 271), (1520, 309), (1690, 373), (1872, 445), (1919, 471), (1919, 539), (1918, 692), (1919, 813)]",CITY
4713,"[(0, 518), (275, 404), (509, 296), (641, 241), (830, 158), (971, 99), (1134, 42), (1255, 5), (1379, 80), (1352, 123), (1182, 207), (1024, 294), (912, 353), (746, 470), (605, 553), (475, 655), (356, 753), (146, 782), (0, 794), (1, 516)]",AYE
4713,"[(1638, 3), (1478, 56), (1312, 104), (1170, 185), (1066, 268), (998, 376), (1046, 501), (1155, 565), (1251, 641), (1344, 696), (1478, 782), (1688, 873), (1910, 929), (1910, 567), (1788, 519), (1668, 460), (1571, 388), (1580, 283), (1645, 200), (1726, 138), (1782, 72), (1795, 3), (1642, 3)]",JOHOR
4714,"[(2, 1077), (4, 993), (254, 780), (459, 609), (582, 515), (744, 379), (804, 282), (846, 215), (920, 163), (964, 114), (1108, 99), (1136, 184), (1208, 287), (1280, 379), (1352, 479), (1455, 640), (1522, 734), (1590, 847), (1644, 936), (1728, 1079), (818, 1077)]",JURONG
4716,"[(2, 1075), (1, 549), (175, 429), (294, 347), (381, 301), (491, 234), (624, 146), (765, 146), (836, 215), (969, 347), (1128, 477), (1282, 632), (1394, 729), (1491, 831), (1672, 978), (1794, 1079), (552, 1079)]",JURONG
4716,"[(1780, 1068), (1352, 699), (1079, 441), (915, 302), (821, 230), (762, 162), (740, 131), (939, 135), (1034, 176), (1164, 215), (1312, 244), (1465, 289), (1654, 334), (1791, 369), (1910, 404), (1908, 1050), (1826, 1057)]",CITY
4798,"[(1098, 1077), (884, 993), (719, 842), (601, 725), (649, 584), (701, 467), (742, 370), (752, 320), (891, 325), (924, 430), (950, 539), (995, 673), (1151, 746), (1286, 808), (1465, 885), (1602, 990), (1249, 1079)]",TELOK BLANGAH
4799,"[(2, 1075), (0, 492), (311, 304), (495, 203), (655, 121), (779, 74), (880, 49), (980, 63), (960, 123), (884, 261), (789, 466), (720, 641), (672, 745), (602, 904), (554, 1026), (531, 1079), (1, 1079)]",SENTOSA
4799,"[(978, 1066), (996, 714), (1012, 399), (1009, 135), (1004, 41), (1106, 14), (1232, 86), (1444, 230), (1611, 346), (1722, 443), (1845, 530), (1910, 601), (1910, 1069), (1111, 1066)]",TELOK BLANGAH
5794,"[(464, 1079), (246, 655), (122, 321), (72, 191), (215, 199), (358, 226), (516, 251), (685, 291), (1005, 358), (1289, 433), (1569, 497), (1779, 554), (1919, 591), (1919, 1075), (1916, 1073), (442, 1075)]",JURONG
5794,"[(1914, 595), (1301, 424), (839, 319), (610, 267), (426, 236), (314, 199), (479, 180), (731, 212), (978, 221), (1206, 229), (1525, 286), (1919, 372), (1916, 385)]",CHANGI
5795,"[(0, 655), (546, 417), (815, 287), (1054, 197), (1236, 143), (1334, 105), (1360, 61), (1401, 41), (1456, 86), (1421, 135), (1238, 271), (1002, 467), (788, 670), (566, 872), (329, 1076), (6, 1070)]",CHANGI
5795,"[(329, 1066), (768, 682), (1141, 327), (1358, 170), (1452, 108), (1452, 57), (1545, 41), (1548, 189), (1580, 342), (1596, 654), (1609, 907), (1611, 1066)]",JURONG
5797,"[(350, 1072), (296, 663), (282, 335), (298, 211), (340, 166), (410, 155), (392, 202), (431, 225), (551, 309), (779, 467), (980, 609), (1595, 1076)]",JURONG
5797,"[(1582, 1066), (446, 238), (402, 158), (459, 136), (499, 147), (518, 208), (669, 244), (1905, 727), (1905, 1064)]",CHANGI
5798,"[(671, 746), (740, 511), (750, 426), (1016, 350), (1391, 251), (1740, 174), (1914, 196), (1618, 301), (1240, 455), (702, 723)]",JURONG
5798,"[(556, 1065), (672, 749), (1119, 504), (1540, 320), (1910, 199), (1910, 349), (965, 1068)]",CHANGI
5799,"[(1, 511), (1126, 211), (1230, 139), (1419, 142), (1410, 236), (1268, 355), (819, 628), (2, 1026)]",JURONG
5799,"[(1, 982), (1135, 426), (1395, 260), (1416, 147), (1584, 140), (1588, 188), (1685, 261), (1795, 434), (1879, 1079), (1, 1073)]",CHANGI
6701,"[(1, 482), (841, 146), (1025, 132), (980, 215), (76, 1079), (2, 1072)]",CHANGI
6701,"[(70, 1069), (765, 376), (998, 189), (1025, 144), (1120, 138), (1128, 199), (1116, 345), (1108, 1068)]",JURONG
6701,"[(1185, 1066), (1102, 267), (1099, 173), (1279, 327), (1812, 945), (1889, 1065)]",TOA PAYOH
6703,"[(291, 1076), (328, 511), (271, 311), (185, 260), (4, 248), (2, 200), (131, 204), (239, 227), (332, 293), (418, 365), (475, 458), (586, 700), (756, 1079)]",THOMSON
6703,"[(746, 1065), (634, 805), (490, 493), (432, 381), (331, 290), (256, 237), (248, 202), (289, 159), (369, 132), (414, 113), (489, 94), (531, 114), (464, 148), (442, 176), (494, 218), (609, 240), (771, 278), (1271, 447), (1910, 715), (1910, 740), (1905, 738), (1908, 1064), (1904, 1064)]",JURONG
6703,"[(1912, 671), (1375, 462), (1004, 338), (778, 276), (641, 249), (488, 217), (421, 187), (418, 165), (498, 123), (545, 91), (619, 99), (595, 133), (645, 166), (775, 219), (964, 241), (1189, 267), (1412, 300), (1919, 402), (1912, 398)]",CHANGI
6704,"[(178, 1077), (91, 437), (184, 225), (281, 99), (430, 82), (636, 48), (714, 37), (710, 71), (654, 97), (544, 125), (482, 165), (480, 222), (562, 335), (715, 447), (851, 547), (1751, 1079)]",JURONG
6704,"[(1908, 1068), (1906, 1061), (1689, 1064), (994, 643), (549, 317), (468, 199), (481, 151), (550, 121), (638, 99), (720, 60), (850, 78), (794, 118), (739, 139), (770, 192), (999, 268), (1906, 558)]",CHANGI
6705,"[(4, 577), (1015, 102), (1105, 42), (1212, 46), (1122, 155), (759, 444), (45, 1073), (2, 1072)]",JURONG
6705,"[(46, 1075), (781, 418), (1089, 176), (1206, 65), (1326, 53), (1485, 1075)]",CHANGI
6706,"[(98, 1068), (132, 328), (242, 181), (335, 139), (420, 114), (480, 94), (526, 109), (514, 150), (568, 193), (1090, 370), (1918, 654), (1912, 648), (1915, 1073)]",CHANGI
6706,"[(1918, 659), (1909, 656), (1150, 392), (790, 271), (578, 199), (522, 172), (504, 143), (520, 99), (746, 76), (795, 116), (945, 144), (1514, 222), (1915, 289)]",JURONG
6708,"[(109, 1075), (201, 185), (166, 57), (291, 26), (434, 72), (571, 135), (789, 238), (1912, 949), (1916, 1072)]",CHANGI
6708,"[(1914, 957), (1192, 489), (719, 204), (489, 105), (379, 80), (306, 53), (481, 33), (679, 67), (958, 113), (1308, 187), (1914, 360)]",TUAS
6710,"[(6, 298), (706, 155), (1312, 91), (1485, 76), (1654, 78), (1658, 155), (1448, 221), (1102, 297), (704, 402), (4, 659)]",JURONG
6710,"[(5, 639), (656, 403), (1192, 263), (1712, 108), (1849, 127), (1620, 1075), (5, 1072)]",CHANGI
6711,"[(5, 774), (670, 26), (744, 20), (830, 136), (1722, 1076), (6, 1073)]",JURONG
6711,"[(1741, 1073), (762, 75), (730, 35), (808, 22), (1105, 154), (1914, 494), (1914, 1069)]",CITY
6711,"[(1915, 500), (979, 93), (899, 45), (911, 8), (1061, 22), (1092, 68), (1424, 140), (1916, 259)]",AIRPORT
6712,"[(26, 1075), (162, 361), (254, 236), (389, 151), (510, 112), (585, 93), (634, 117), (542, 168), (501, 206), (511, 251), (681, 347), (1912, 948), (1911, 1073)]",JURONG
6712,"[(1912, 982), (780, 400), (574, 285), (504, 233), (495, 202), (555, 157), (636, 113), (681, 78), (761, 76), (720, 128), (729, 185), (918, 236), (1914, 470)]",CHANGI
6713,"[(4, 1075), (4, 567), (455, 150), (548, 64), (562, 14), (640, 22), (716, 169), (1384, 1076)]",JURONG
6713,"[(1354, 1073), (828, 328), (729, 170), (645, 31), (769, 26), (1080, 165), (1398, 321), (1696, 458), (1916, 577), (1915, 1066)]",CHANGI
6714,"[(4, 1075), (4, 947), (636, 336), (840, 19), (885, 25), (884, 65), (885, 117), (892, 207), (931, 345), (971, 507), (1026, 1068)]",CHANGI
6714,"[(1039, 1064), (986, 614), (964, 439), (929, 323), (899, 233), (885, 153), (884, 106), (889, 50), (905, 8), (970, 15), (960, 60), (1066, 148), (1308, 275), (1904, 659), (1905, 1062)]",KJE
6715,"[(5, 1073), (2, 884), (205, 526), (348, 331), (475, 211), (616, 132), (801, 110), (744, 159), (716, 233), (800, 342), (954, 488), (1172, 688), (1368, 850), (1671, 1073)]",TUAS
6715,"[(1612, 1072), (842, 392), (722, 251), (708, 189), (775, 116), (841, 80), (961, 80), (944, 169), (1125, 242), (1910, 498), (1916, 1075)]",CHANGI
6716,"[(164, 906), (145, 505), (304, 330), (491, 151), (601, 53), (714, 67), (748, 165), (815, 283), (889, 417), (1028, 667), (1158, 885)]",CHANGI
6716,"[(1901, 963), (1144, 379), (799, 121), (758, 89), (800, 59), (951, 63), (1042, 139), (1298, 230), (1905, 439)]",AYE
7791,"[(4, 422), (681, 236), (1070, 104), (1240, 95), (882, 347), (6, 1061)]",SLE
7791,"[(325, 1061), (1244, 129), (1242, 99), (1306, 108), (1325, 132), (1329, 193), (1326, 293), (1382, 479), (1394, 1068)]",ECP
7791,"[(1591, 1064), (1350, 365), (1326, 229), (1324, 165), (1299, 118), (1292, 102), (1358, 94), (1420, 159), (1509, 260), (1908, 519), (1904, 513), (1901, 1064)]",PIE
7793,"[(2, 375), (552, 214), (1074, 63), (1144, 35), (1255, 25), (1248, 87), (941, 294), (5, 925)]",KPE/SLE
7793,"[(5, 942), (1110, 199), (1251, 93), (1245, 35), (1306, 27), (1358, 79), (1392, 158), (1458, 404), (1388, 1073), (5, 1073)]",PIE
7793,"[(1500, 1061), (1402, 178), (1364, 116), (1331, 56), (1479, 110), (1704, 240), (1905, 434), (1906, 1061)]",PASIR RIS DR 12
7794,"[(6, 486), (760, 215), (992, 153), (1035, 127), (1016, 86), (1095, 82), (1141, 113), (1131, 199), (908, 379), (4, 1019)]",PIE
7794,"[(36, 1064), (906, 407), (1150, 203), (1159, 125), (1115, 99), (1165, 95), (1219, 124), (1265, 187), (1348, 395), (1361, 1076)]",SLE
7794,"[(1402, 1064), (1309, 267), (1254, 176), (1196, 121), (1351, 172), (1542, 267), (1902, 541), (1904, 1060)]",KPE
7795,"[(4, 591), (566, 321), (844, 223), (972, 168), (1026, 140), (1061, 155), (961, 241), (609, 539), (64, 1072), (4, 1073)]",SLE
7795,"[(126, 1073), (836, 347), (1026, 191), (1052, 148), (1090, 163), (1089, 242), (1092, 332), (1162, 1073)]",PIE
7795,"[(1300, 1062), (1089, 304), (1088, 192), (1089, 157), (1139, 212), (1295, 339), (1901, 843), (1901, 1058)]",KPE
7796,"[(5, 493), (1288, 67), (1549, 72), (1468, 153), (1125, 400), (394, 1073), (2, 1075)]",PIE
7796,"[(395, 1072), (948, 560), (1241, 308), (1492, 125), (1571, 72), (1610, 76), (1614, 124), (1584, 166), (1560, 222), (1548, 339), (1545, 1075)]",SLE
7796,"[(1882, 1068), (1621, 591), (1542, 335), (1559, 234), (1585, 161), (1612, 106), (1620, 65), (1915, 266)]",PUNGGOL/SENGKANG
7797,"[(1916, 729), (1176, 373), (1091, 259), (1082, 177), (1145, 121), (1225, 133), (1405, 264), (1916, 430)]",CTE
7797,"[(25, 1073), (214, 760), (390, 534), (601, 315), (748, 195), (859, 147), (961, 117), (1012, 136), (932, 169), (866, 226), (826, 369), (820, 1073)]",PIE
7797,"[(846, 1075), (826, 343), (875, 210), (944, 165), (1048, 129), (1109, 143), (1104, 185), (1114, 287), (1228, 413), (1888, 1076)]",SLE
7798,"[(4, 1075), (5, 311), (211, 192), (404, 125), (604, 101), (815, 83), (1142, 78), (1129, 123), (1275, 458), (1914, 784), (1914, 1075)]",BKE
7798,"[(1906, 812), (1325, 494), (1165, 174), (1132, 113), (1154, 61), (1259, 84), (1246, 104), (1224, 114), (1232, 143), (1278, 176), (1382, 248), (1889, 750)]",CTE
7798,"[(1905, 584), (1296, 193), (1235, 148), (1222, 124), (1230, 94), (1268, 71), (1351, 86), (1305, 110), (1379, 144), (1901, 336)]",TPE
8701,"[(156, 1077), (482, 76), (554, 74), (658, 229), (1404, 1070)]",PIE
8701,"[(1431, 1077), (684, 247), (552, 95), (661, 89), (1039, 285), (1912, 671), (1914, 1070)]",BKE
8701,"[(1915, 409), (772, 200), (738, 184), (742, 123), (1282, 140), (1911, 170)]",CCK
8702,"[(4, 1076), (2, 775), (729, 274), (1002, 110), (1149, 34), (1271, 1), (1402, 4), (1409, 19), (1324, 44), (1286, 72), (1206, 148), (865, 1076)]",BKE
8702,"[(1, 166), (581, 44), (838, 3), (1275, 3), (1156, 35), (1068, 64), (928, 148), (795, 212), (4, 765)]",PIE
8704,"[(2, 357), (150, 168), (276, 90), (386, 44), (484, 38), (459, 89), (674, 305), (1764, 1073), (6, 1075)]",BKE
8704,"[(1738, 1065), (806, 419), (578, 251), (472, 144), (458, 74), (486, 20), (574, 27), (736, 158), (999, 285), (1409, 468), (1902, 662), (1902, 1062)]",PIE
8704,"[(1906, 498), (816, 128), (674, 71), (700, 139), (1076, 328), (1621, 549), (1901, 662)]",CCK
8706,"[(290, 1072), (296, 667), (374, 413), (445, 316), (580, 252), (892, 193), (926, 204), (1046, 806), (1335, 1070)]",BKE
8706,"[(1905, 1062), (1761, 1062), (1110, 400), (986, 283), (992, 199), (1058, 199), (1054, 249), (1218, 361), (1904, 667)]",PIE
9701,"[(2, 1070), (4, 584), (562, 193), (692, 59), (729, 34), (778, 45), (755, 67), (804, 123), (965, 245), (1129, 351), (1322, 483), (1531, 640), (1919, 978), (1914, 978), (1915, 1073)]",TPE
9701,"[(1918, 986), (1916, 989), (1325, 483), (1041, 290), (831, 162), (752, 94), (748, 65), (768, 46), (808, 45), (824, 80), (984, 127), (1400, 204), (1914, 323)]",BKE
9702,"[(205, 1069), (378, 90), (445, 102), (448, 132), (519, 150), (768, 308), (1760, 1075)]",TPE
9702,"[(1715, 1058), (569, 172), (509, 150), (465, 136), (451, 117), (549, 110), (800, 150), (1898, 590), (1905, 1065)]",BKE
9703,"[(5, 1073), (1, 557), (754, 215), (1104, 102), (1415, 39), (1549, 27), (1594, 46), (1484, 102), (1424, 139), (1331, 226), (615, 1077)]",TPE
9703,"[(701, 1064), (1390, 176), (1448, 124), (1512, 93), (1568, 72), (1585, 79), (1538, 105), (1491, 148), (1475, 200), (1472, 317), (1598, 1062)]",BKE/WOODLANDS
9703,"[(1615, 1064), (1468, 264), (1475, 182), (1498, 133), (1566, 79), (1608, 57), (1642, 74), (1659, 97), (1635, 158), (1902, 500), (1902, 1060)]",BKE/PIE
9704,"[(4, 1075), (0, 557), (874, 242), (1379, 69), (1529, 30), (1614, 39), (1551, 76), (1455, 165), (1370, 233), (246, 1073)]",TPE
9704,"[(258, 1055), (1209, 351), (1478, 135), (1565, 82), (1610, 45), (1662, 68), (1654, 125), (1772, 1064)]",BKE
9705,"[(4, 580), (384, 430), (689, 291), (908, 208), (971, 184), (946, 162), (1022, 133), (1084, 151), (1069, 192), (976, 268), (852, 336), (725, 406), (640, 449), (490, 576), (129, 776), (1, 840)]",W'LANDS AVE 2
9705,"[(5, 799), (431, 558), (712, 404), (949, 281), (1065, 203), (1168, 142), (1221, 101), (1208, 76), (1186, 49), (1279, 44), (1305, 68), (1326, 124), (1300, 165), (1248, 230), (1115, 338), (489, 808), (99, 1076), (2, 1072)]",BKE
9705,"[(215, 1055), (865, 543), (1145, 320), (1294, 188), (1329, 108), (1314, 84), (1295, 63), (1374, 52), (1466, 90), (1566, 242), (1651, 573), (1700, 1065)]",TPE
9706,"[(2, 1076), (2, 625), (446, 136), (450, 97), (394, 29), (502, 23), (555, 54), (612, 106), (670, 200), (678, 1077)]",BKE
9706,"[(751, 1061), (662, 158), (600, 79), (534, 45), (719, 27), (845, 101), (1065, 249), (1688, 838), (1904, 1062)]",TPE
