,LinkID,RoadCategory,RoadName,lat1,lng1,lat2,lng2
0,103000000,E,KENT ROAD,1.3170142376560023,103.85298052044503,1.3166840028663076,103.85259882242372
1,103000010,E,BUCKLEY ROAD,1.3166507852203482,103.84102305136321,1.316912438354752,103.84022564204443
2,103000011,E,BUCKLEY ROAD,1.316912438354752,103.84022564204443,1.3166507852203482,103.84102305136321
3,103000014,E,SHREWSBURY ROAD,1.3186726294030418,103.84700267615683,1.3180212058893457,103.84711392225329
4,103000015,E,SHREWSBURY ROAD,1.3180212058893457,103.84711392225329,1.3186726294030418,103.84700267615683
5,103000018,E,JALAN KORMA,1.3157770120574521,103.84426743639843,1.3159796416371992,103.84479180450104
6,103000019,E,JALAN KORMA,1.3159796416371992,103.84479180450104,1.3157770120574521,103.84426743639843
7,103000022,E,SING AVENUE,1.3157638139947652,103.85346718361517,1.3159850985084538,103.8540099459191
8,103000023,E,SING AVENUE,1.3159850985084538,103.8540099459191,1.3157638139947652,103.85346718361517
9,103000026,E,MOULMEIN RISE,1.3193495076454247,103.84576595796847,1.3193341206043803,103.84649970636902
10,103000027,E,MOULMEIN RISE,1.3193341206043803,103.84649970636902,1.3193495076454247,103.84576595796847
11,103000030,E,SINARAN DRIVE,1.3187614079491163,103.84584773223746,1.3184775003743368,103.845922903644
12,103000031,E,SINARAN DRIVE,1.3184775003743368,103.845922903644,1.3187614079491163,103.84584773223746
13,103000034,E,LEMBU ROAD,1.3095165181658415,103.85444503278327,1.3102490949407017,103.85489147379481
14,103000035,E,LEMBU ROAD,1.3102490949407017,103.85489147379481,1.3095165181658415,103.85444503278327
15,103000036,E,DESKER ROAD,1.3095165181658415,103.85444503278327,1.3098257335080767,103.85396567774879
16,103000040,D,VERDUN ROAD,1.3094817613742067,103.85571657719505,1.3100415318076366,103.85617487784177
17,103000044,E,SYED ALWI ROAD,1.3102490949407017,103.85489147379481,1.3094817613742067,103.85571657719505
18,103000050,E,ORCHARD SPRING LANE,1.3040240949630044,103.82435328722222,1.3035181120546362,103.82439062361162
19,103000051,E,ORCHARD SPRING LANE,1.3035181120546362,103.82439062361162,1.3040240949630044,103.82435328722222
20,103000054,E,KAY SIANG ROAD,1.2977954689273836,103.81184137776128,1.2979363108403927,103.81139535719257
21,103000055,E,KAY SIANG ROAD,1.2979363108403927,103.81139535719257,1.2977954689273836,103.81184137776128
22,103000056,E,MARTABAN ROAD,1.3235238431328136,103.8508428681823,1.3241924351833945,103.85149036161232
23,103000062,E,MARTABAN ROAD,1.3235238431328136,103.8508428681823,1.3242848802266947,103.85008775600024
24,103000063,E,MARTABAN ROAD,1.3242848802266947,103.85008775600024,1.3235238431328136,103.8508428681823
25,103000066,E,JALAN TAN TOCK SENG,1.319450709571759,103.84838600107199,1.3202305802943324,103.84823264087314
26,103000067,E,JALAN TAN TOCK SENG,1.3202305802943324,103.84823264087314,1.319450709571759,103.84838600107199
27,103000068,E,SOPHIA ROAD,1.3020505931348514,103.84753501033079,1.3020981998994814,103.84735684695016
28,103000072,E,MUSCAT STREET,1.3020478491197238,103.85929118664532,1.3024623974822258,103.85961424505442
29,103000078,A,PAN ISLAND EXPRESSWAY,1.3479138498233316,103.6923894384768,1.3491170726830268,103.69342360283092
30,103000079,A,PAN ISLAND EXPRESSWAY,1.3491170726830268,103.69342360283092,1.3479138498233316,103.6923894384768
31,103000080,A,PAN ISLAND EXPRESSWAY,1.3436196253925365,103.78499221155269,1.3431444683048892,103.78388724345461
32,103000086,C,AMBER ROAD,1.3009014346769388,103.90150591557894,1.3000155854751687,103.90006277560406
33,103000087,C,AMBER ROAD,1.3000155854751687,103.90006277560406,1.3009014346769388,103.90150591557894
34,103000090,C,ANG MO KIO AVENUE 4,1.3795549789334551,103.83982137005759,1.3778764702530613,103.83969577191468
35,103000091,C,ANG MO KIO AVENUE 4,1.3778764702530613,103.83969577191468,1.3795549789334551,103.83982137005759
36,103000094,E,JALAN TUPAI,1.302018104115238,103.82687869301155,1.3025271098303324,103.82774617488765
37,103000095,E,JALAN TUPAI,1.3025271098303324,103.82774617488765,1.302018104115238,103.82687869301155
38,103000098,D,TOMLINSON ROAD,1.3034535281731428,103.82621354051224,1.302018104115238,103.82687869301155
39,103000099,D,TOMLINSON ROAD,1.302018104115238,103.82687869301155,1.3034535281731428,103.82621354051224
40,103000106,E,SHREWSBURY ROAD,1.3185208604394962,103.8497306240015,1.3182839067307601,103.8484896779184
41,103000107,E,SHREWSBURY ROAD,1.3182839067307601,103.8484896779184,1.3185208604394962,103.8497306240015
42,103000110,D,TELOK BLANGAH HEIGHTS,1.2771369059505562,103.81040355919788,1.277633353991097,103.80909264308315
43,103000111,D,TELOK BLANGAH HEIGHTS,1.277633353991097,103.80909264308315,1.2771369059505562,103.81040355919788
44,103000114,D,TELOK BLANGAH HEIGHTS,1.277633353991097,103.80909264308315,1.2780189431917124,103.80767112662544
45,103000115,D,TELOK BLANGAH HEIGHTS,1.2780189431917124,103.80767112662544,1.277633353991097,103.80909264308315
46,103000118,D,TELOK BLANGAH HEIGHTS,1.2765900388648779,103.81171237266507,1.276042945010033,103.81302172471231
47,103000119,D,TELOK BLANGAH HEIGHTS,1.276042945010033,103.81302172471231,1.2765900388648779,103.81171237266507
48,103000122,A,PAN ISLAND EXPRESSWAY,1.350438528643087,103.69440892471033,1.3517801862142893,103.69536755921838
49,103000123,A,PAN ISLAND EXPRESSWAY,1.3517801862142893,103.69536755921838,1.350438528643087,103.69440892471033
50,103000124,F,WILKINSON ROAD,1.3022604164237386,103.88515409863628,1.3020018334230383,103.88506135448995
51,103000128,E,WILKIE ROAD,1.3021332006151927,103.84859614838282,1.3019803247888424,103.84892228360394
52,103000134,D,CAMP ROAD,1.3023326560971626,103.8192445570385,1.3019259729917443,103.8193666357108
53,103000135,D,CAMP ROAD,1.3019259729917443,103.8193666357108,1.3023326560971626,103.8192445570385
54,103000138,E,LENGKOK MERAK,1.3019154913408086,103.82562409886084,1.3021005061138486,103.82556786730588
55,103000139,E,LENGKOK MERAK,1.3021005061138486,103.82556786730588,1.3019154913408086,103.82562409886084
56,103000142,E,TANGLIN WALK,1.30277750949525,103.81714881291575,1.301902777906714,103.81671018445115
57,103000143,E,TANGLIN WALK,1.301902777906714,103.81671018445115,1.30277750949525,103.81714881291575
58,103000146,E,TANGLIN HILL,1.301902777906714,103.81671018445115,1.3020760157371165,103.81636988608547
59,103000147,E,TANGLIN HILL,1.3020760157371165,103.81636988608547,1.301902777906714,103.81671018445115
60,103000148,E,SOPHIA ROAD,1.3020505931348514,103.84753501033079,1.3018924565367096,103.84742450630118
61,103000152,E,ADIS ROAD,1.3018924565367096,103.84742450630118,1.3020981998994814,103.84735684695016
62,103000156,B,KRAMAT ROAD,1.3018714301953633,103.84120126880777,1.3024590972915757,103.84059908315483
63,103000162,E,AKYAB ROAD,1.3223315936500188,103.84782453064221,1.323225112339397,103.84825791705197
64,103000163,E,AKYAB ROAD,1.323225112339397,103.84825791705197,1.3223315936500188,103.84782453064221
65,103000166,E,OXFORD ROAD,1.3158766228467986,103.8525278217439,1.3154336431941307,103.853008273284
66,103000167,E,OXFORD ROAD,1.3154336431941307,103.853008273284,1.3158766228467986,103.8525278217439
67,103000170,E,KEMPAS ROAD,1.315899168782131,103.85944206093603,1.3154021442041506,103.85980837679445
68,103000171,E,KEMPAS ROAD,1.3154021442041506,103.85980837679445,1.315899168782131,103.85944206093603
69,103000174,E,JALAN KORMA,1.3157770120574521,103.84426743639843,1.3156603053759763,103.84390320841796
70,103000175,E,JALAN KORMA,1.3156603053759763,103.84390320841796,1.3157770120574521,103.84426743639843
71,103000176,F,STEVENS ROAD,1.3098922536055888,103.83345390955975,1.3097312042342106,103.83404900921593
72,103000182,D,ARDMORE PARK,1.3095892684441353,103.82839685211003,1.3097460950865234,103.82879350703922
73,103000183,D,ARDMORE PARK,1.3097460950865234,103.82879350703922,1.3095892684441353,103.82839685211003
74,103000186,D,ARDMORE PARK,1.3095892684441353,103.82839685211003,1.3102253421678596,103.82740509577657
75,103000187,D,ARDMORE PARK,1.3102253421678596,103.82740509577657,1.3095892684441353,103.82839685211003
76,103000190,E,ANTHONY ROAD,1.310468565405978,103.8376076936921,1.3095693665135413,103.8362897642633
77,103000191,E,ANTHONY ROAD,1.3095693665135413,103.8362897642633,1.310468565405978,103.8376076936921
78,103000194,C,CAIRNHILL ROAD,1.3095693665135413,103.8362897642633,1.310692335045372,103.83555854453066
79,103000195,C,CAIRNHILL ROAD,1.310692335045372,103.83555854453066,1.3095693665135413,103.8362897642633
80,103000198,E,KEMPAS ROAD,1.3156794372910703,103.85925389319206,1.315899168782131,103.85944206093603
81,103000199,E,KEMPAS ROAD,1.315899168782131,103.85944206093603,1.3156794372910703,103.85925389319206
82,103000202,C,ANG MO KIO AVENUE 4,1.3778764702530613,103.83969577191468,1.377082366481272,103.8395587643731
83,103000203,C,ANG MO KIO AVENUE 4,1.377082366481272,103.8395587643731,1.3778764702530613,103.83969577191468
84,103000206,C,ANG MO KIO AVENUE 4,1.3765237228546703,103.83946526641823,1.377082366481272,103.8395587643731
85,103000207,C,ANG MO KIO AVENUE 4,1.377082366481272,103.8395587643731,1.3765237228546703,103.83946526641823
86,103000210,C,ANG MO KIO AVENUE 4,1.3835254500944634,103.83770121892717,1.38338023612439,103.83781517599795
87,103000211,C,ANG MO KIO AVENUE 4,1.38338023612439,103.83781517599795,1.3835254500944634,103.83770121892717
88,103000214,C,ANG MO KIO AVENUE 4,1.38338023612439,103.83781517599795,1.3822793699880447,103.83863653439964
89,103000215,C,ANG MO KIO AVENUE 4,1.3822793699880447,103.83863653439964,1.38338023612439,103.83781517599795
90,103000218,C,ANG MO KIO AVENUE 4,1.3840112390167347,103.83732856251386,1.3835254500944634,103.83770121892717
91,103000219,C,ANG MO KIO AVENUE 4,1.3835254500944634,103.83770121892717,1.3840112390167347,103.83732856251386
92,103000222,C,ANG MO KIO AVENUE 8,1.3777027981180603,103.84756217854924,1.3771978910136298,103.84765705588656
93,103000223,C,ANG MO KIO AVENUE 8,1.3771978910136298,103.84765705588656,1.3777027981180603,103.84756217854924
94,103000226,C,ANG MO KIO AVENUE 8,1.3771978910136298,103.84765705588656,1.376730487972268,103.84773795161581
95,103000227,C,ANG MO KIO AVENUE 8,1.376730487972268,103.84773795161581,1.3771978910136298,103.84765705588656
96,103000228,D,DORSET ROAD,1.3133901063939397,103.85032404665321,1.3129765172117367,103.84974217909104
97,103000234,D,ANG MO KIO AVENUE 9,1.3839740978654103,103.84313695546383,1.3838894069258951,103.8424480441498
98,103000235,D,ANG MO KIO AVENUE 9,1.3838894069258951,103.8424480441498,1.3839740978654103,103.84313695546383
99,103000238,B,NORFOLK ROAD,1.317103654150258,103.84888640803763,1.3164233526759435,103.84775689847758
100,103000239,B,NORFOLK ROAD,1.3164233526759435,103.84775689847758,1.317103654150258,103.84888640803763
101,103000242,C,ANG MO KIO AVENUE 4,1.3748784522832425,103.83811376463666,1.3755371440113777,103.8390063090149
102,103000243,C,ANG MO KIO AVENUE 4,1.3755371440113777,103.8390063090149,1.3748784522832425,103.83811376463666
103,103000246,D,NASSIM ROAD,1.3112406329656845,103.82143582576197,1.3118940935550105,103.82204317904964
104,103000247,D,NASSIM ROAD,1.3118940935550105,103.82204317904964,1.3112406329656845,103.82143582576197
105,103000254,E,BALMORAL PARK,1.3134139917128311,103.82959840334954,1.3129593497249092,103.82975943310102
106,103000255,E,BALMORAL PARK,1.3129593497249092,103.82975943310102,1.3134139917128311,103.82959840334954
107,103000258,C,STEVENS ROAD,1.3131328782183662,103.82911750896497,1.3129593497249092,103.82975943310102
108,103000259,C,STEVENS ROAD,1.3129593497249092,103.82975943310102,1.3131328782183662,103.82911750896497
109,103000260,E,PETAIN ROAD,1.3128994765010902,103.85727722633219,1.3134069573818214,103.85667709880157
110,103000266,D,BALMORAL ROAD,1.3135704480430792,103.8305390230549,1.3129593497249092,103.82975943310102
111,103000267,D,BALMORAL ROAD,1.3129593497249092,103.82975943310102,1.3135704480430792,103.8305390230549
112,103000270,C,STEVENS ROAD,1.3129593497249092,103.82975943310102,1.3129482532197405,103.82979421597224
113,103000271,C,STEVENS ROAD,1.3129482532197405,103.82979421597224,1.3129593497249092,103.82975943310102
114,103000276,F,KAMPONG JAVA ROAD,1.3131522033523786,103.84591215724936,1.3129397527298754,103.8453609319561
115,103000282,B,KAMPONG JAVA ROAD,1.3128915402722743,103.8435107552494,1.3134502209463657,103.8434271564376
116,103000283,B,KAMPONG JAVA ROAD,1.3134502209463657,103.8434271564376,1.3128915402722743,103.8435107552494
117,103000290,D,RACE COURSE ROAD,1.3133115247400988,103.85513650754488,1.3128657945370725,103.85467601502488
118,103000291,D,RACE COURSE ROAD,1.3128657945370725,103.85467601502488,1.3133115247400988,103.85513650754488
119,103000292,E,LORONG 3 GEYLANG,1.3112814046832442,103.8745843404284,1.3128669001147928,103.8740481840283
120,103000298,E,GOODWOOD HILL,1.311265024985496,103.83361404903052,1.3114126715258738,103.83387874363073
121,103000299,E,GOODWOOD HILL,1.3114126715258738,103.83387874363073,1.311265024985496,103.83361404903052
122,103000300,F,STEVENS ROAD,1.3115941685350712,103.83315772987676,1.311265024985496,103.83361404903052
123,103000306,D,NASSIM ROAD,1.3112406329656845,103.82143582576197,1.3116597146848918,103.8212526635276
124,103000307,D,NASSIM ROAD,1.3116597146848918,103.8212526635276,1.3112406329656845,103.82143582576197
125,103000310,E,RUTLAND ROAD,1.311229840433147,103.84910566257994,1.311802597676934,103.84973058015619
126,103000311,E,RUTLAND ROAD,1.311802597676934,103.84973058015619,1.311229840433147,103.84910566257994
127,103000312,E,RUTLAND ROAD,1.3113680558354108,103.8488917458808,1.311229840433147,103.84910566257994
128,103000316,F,OPHIR ROAD,1.292423970537279,103.86259120957735,1.2912349150968774,103.8623028359393
129,103000324,F,RAFFLES BOULEVARD,1.2912309351425506,103.86236811495664,1.2918238027402373,103.86295353079224
130,103000330,C,ANG MO KIO AVENUE 4,1.3739406188810974,103.83737872197739,1.3748784522832425,103.83811376463666
131,103000331,C,ANG MO KIO AVENUE 4,1.3748784522832425,103.83811376463666,1.3739406188810974,103.83737872197739
132,103000334,C,ANG MO KIO AVENUE 8,1.3694747355079808,103.84946957875535,1.369024197584065,103.84972450005914
133,103000335,C,ANG MO KIO AVENUE 8,1.369024197584065,103.84972450005914,1.3694747355079808,103.84946957875535
134,103000338,C,ANG MO KIO AVENUE 8,1.370561839669548,103.84885708436424,1.3696927152524048,103.84934676362796
135,103000339,C,ANG MO KIO AVENUE 8,1.3696927152524048,103.84934676362796,1.370561839669548,103.84885708436424
136,103000342,C,ANG MO KIO AVENUE 8,1.3696927152524048,103.84934676362796,1.3694747355079808,103.84946957875535
137,103000343,C,ANG MO KIO AVENUE 8,1.3694747355079808,103.84946957875535,1.3696927152524048,103.84934676362796
138,103000346,C,BEDOK NORTH AVENUE 1,1.3239673531148124,103.92722444692839,1.3236245437060072,103.92726159815368
139,103000347,C,BEDOK NORTH AVENUE 1,1.3236245437060072,103.92726159815368,1.3239673531148124,103.92722444692839
140,103000350,C,BEDOK NORTH AVENUE 1,1.3240846767490342,103.92720949943045,1.3244923386287593,103.9271573268364
141,103000351,C,BEDOK NORTH AVENUE 1,1.3244923386287593,103.9271573268364,1.3240846767490342,103.92720949943045
142,103000354,E,SURREY ROAD,1.3159382308514525,103.84261245053749,1.315854648211366,103.84294233512517
143,103000355,E,SURREY ROAD,1.315854648211366,103.84294233512517,1.3159382308514525,103.84261245053749
144,103000358,C,ANG MO KIO AVENUE 8,1.3807128617466986,103.84499903089491,1.3807123642926429,103.84500991262863
145,103000359,C,ANG MO KIO AVENUE 8,1.3807123642926429,103.84500991262863,1.3807128617466986,103.84499903089491
146,103000362,D,NASSIM ROAD,1.3118940935550105,103.82204317904964,1.3126625795883653,103.82252274944035
147,103000363,D,NASSIM ROAD,1.3126625795883653,103.82252274944035,1.3118940935550105,103.82204317904964
148,103000366,E,LINCOLN ROAD,1.315854648211366,103.84294233512517,1.3167136667120711,103.84327853125002
149,103000367,E,LINCOLN ROAD,1.3167136667120711,103.84327853125002,1.315854648211366,103.84294233512517
150,103000374,C,ANG MO KIO AVENUE 8,1.3807123642926429,103.84500991262863,1.380684897925153,103.8451761128162
151,103000375,C,ANG MO KIO AVENUE 8,1.380684897925153,103.8451761128162,1.3807123642926429,103.84500991262863
152,103000378,E,SURREY ROAD,1.3157272395598174,103.84338520326874,1.315854648211366,103.84294233512517
153,103000379,E,SURREY ROAD,1.315854648211366,103.84294233512517,1.3157272395598174,103.84338520326874
154,103000382,E,SURREY ROAD,1.3156132848934614,103.84225443085381,1.3159382308514525,103.84261245053749
155,103000383,E,SURREY ROAD,1.3159382308514525,103.84261245053749,1.3156132848934614,103.84225443085381
156,103000386,E,WEE NAM ROAD,1.3147915862600077,103.84277519172518,1.3157272395598174,103.84338520326874
157,103000387,E,WEE NAM ROAD,1.3157272395598174,103.84338520326874,1.3147915862600077,103.84277519172518
158,103000390,E,MOHAMAD SULTAN ROAD,1.291162335870407,103.83939185990795,1.2909587737416484,103.83879622503638
159,103000391,E,MOHAMAD SULTAN ROAD,1.2909587737416484,103.83879622503638,1.291162335870407,103.83939185990795
160,103000394,E,MARTIN ROAD,1.2916111381542603,103.83840296152836,1.2909587737416484,103.83879622503638
161,103000395,E,MARTIN ROAD,1.2909587737416484,103.83879622503638,1.2916111381542603,103.83840296152836
162,103000406,E,SAIBOO STREET,1.2909587737416484,103.83879622503638,1.2896315925323827,103.83812231618583
163,103000407,E,SAIBOO STREET,1.2896315925323827,103.83812231618583,1.2909587737416484,103.83879622503638
164,103000408,F,STADIUM CRESCENT,1.304116421073875,103.88129074763484,1.303480947720935,103.88194501182524
165,103000414,E,JALAN KUBOR,1.3034705740870907,103.85962406762611,1.3041658180712976,103.85918340072986
166,103000415,E,JALAN KUBOR,1.3041658180712976,103.85918340072986,1.3034705740870907,103.85962406762611
167,103000418,D,TOMLINSON ROAD,1.30450312346212,103.82573244672774,1.3034535281731428,103.82621354051224
168,103000419,D,TOMLINSON ROAD,1.3034535281731428,103.82621354051224,1.30450312346212,103.82573244672774
169,103000422,C,BIDEFORD ROAD,1.3037416943275602,103.83626910885548,1.303367431108309,103.83695623568973
170,103000423,C,BIDEFORD ROAD,1.303367431108309,103.83695623568973,1.3037416943275602,103.83626910885548
171,103000430,D,CHATSWORTH ROAD,1.299700019895312,103.82447173073814,1.2997425241983005,103.82423630283773
172,103000431,D,CHATSWORTH ROAD,1.2997425241983005,103.82423630283773,1.299700019895312,103.82447173073814
173,103000432,E,DEVONSHIRE ROAD,1.299700493522719,103.83736801561635,1.299804080133152,103.83693000207771
174,103000438,D,CHATSWORTH ROAD,1.3002619350753117,103.8215795098097,1.2996880144700964,103.82122821735582
175,103000439,D,CHATSWORTH ROAD,1.2996880144700964,103.82122821735582,1.3002619350753117,103.8215795098097
176,103000446,B,PRINSEP STREET,1.3004162443480554,103.85026714446101,1.299920511324217,103.84973050315914
177,103000447,B,PRINSEP STREET,1.299920511324217,103.84973050315914,1.3004162443480554,103.85026714446101
178,103000448,E,RUTLAND ROAD,1.311229840433147,103.84910566257994,1.3113233168952205,103.84889480067116
179,103000454,D,ORANGE GROVE ROAD,1.3112234836796168,103.82532382034226,1.3114913467964102,103.82511923783522
180,103000455,D,ORANGE GROVE ROAD,1.3114913467964102,103.82511923783522,1.3112234836796168,103.82532382034226
181,103000456,D,ORANGE GROVE ROAD,1.3112234836796168,103.82532382034226,1.3113363109408036,103.82493559289007
182,103000466,E,WINSTEDT DRIVE,1.3106771084130493,103.84231654800287,1.3112736986654532,103.84260572116985
183,103000467,E,WINSTEDT DRIVE,1.3112736986654532,103.84260572116985,1.3106771084130493,103.84231654800287
184,103000470,E,GILSTEAD ROAD,1.319061396656469,103.84092930386213,1.3188105351806543,103.84085187490123
185,103000471,E,GILSTEAD ROAD,1.3188105351806543,103.84085187490123,1.319061396656469,103.84092930386213
186,103000474,E,MOULMEIN RISE,1.3193341206043803,103.84649970636902,1.318792210179824,103.84759767077377
187,103000475,E,MOULMEIN RISE,1.318792210179824,103.84759767077377,1.3193341206043803,103.84649970636902
188,103000476,C,GRANGE ROAD,1.2995966073516918,103.82492836261135,1.299590087190852,103.82502125420042
189,103000486,E,UPPER WILKIE ROAD,1.3040286035789885,103.84718841611495,1.303500829348059,103.84807244793292
190,103000487,E,UPPER WILKIE ROAD,1.303500829348059,103.84807244793292,1.3040286035789885,103.84718841611495
191,103000488,E,JALAN BENAAN KAPAL,1.303806415521386,103.88260774967814,1.304792453252485,103.88350989144139
192,103000494,C,STEVENS ROAD,1.3126031583342976,103.83124637127273,1.3123210243571486,103.83235126377782
193,103000495,C,STEVENS ROAD,1.3123210243571486,103.83235126377782,1.3126031583342976,103.83124637127273
194,103000498,E,SYED ALWI ROAD,1.3068304068438552,103.85870764712449,1.3063839358022185,103.85912667113942
195,103000499,E,SYED ALWI ROAD,1.3063839358022185,103.85912667113942,1.3068304068438552,103.85870764712449
196,103000506,E,BUCKLEY ROAD,1.316224036531867,103.84001801202565,1.316912438354752,103.84022564204443
197,103000507,E,BUCKLEY ROAD,1.316912438354752,103.84022564204443,1.316224036531867,103.84001801202565
198,103000514,E,ARTHUR ROAD,1.3014384798662653,103.88794327377201,1.3007662685213992,103.88781914331392
199,103000515,E,ARTHUR ROAD,1.3007662685213992,103.88781914331392,1.3014384798662653,103.88794327377201
200,103000516,E,CHENG YAN PLACE,1.3003646841996643,103.85417742366865,1.2995900710274935,103.8549671753034
201,103000522,C,ANG MO KIO AVENUE 8,1.3807436860731306,103.84424669062072,1.3807128617466986,103.84499903089491
202,103000523,C,ANG MO KIO AVENUE 8,1.3807128617466986,103.84499903089491,1.3807436860731306,103.84424669062072
203,103000526,C,ANG MO KIO AVENUE 8,1.368574220333337,103.84998011317111,1.3690128206372936,103.84973096070034
204,103000527,C,ANG MO KIO AVENUE 8,1.3690128206372936,103.84973096070034,1.368574220333337,103.84998011317111
205,103000530,C,BEDOK NORTH AVENUE 1,1.3266284824846761,103.92688480413254,1.3257932174490585,103.92699111651997
206,103000531,C,BEDOK NORTH AVENUE 1,1.3257932174490585,103.92699111651997,1.3266284824846761,103.92688480413254
207,103000534,C,BEDOK NORTH AVENUE 1,1.3257932174490585,103.92699111651997,1.3253879069403292,103.92704270518263
208,103000535,C,BEDOK NORTH AVENUE 1,1.3253879069403292,103.92704270518263,1.3257932174490585,103.92699111651997
209,103000538,C,BEDOK NORTH AVENUE 3,1.3305807737063633,103.93447239316134,1.3299795120811468,103.9345891987128
210,103000539,C,BEDOK NORTH AVENUE 3,1.3299795120811468,103.9345891987128,1.3305807737063633,103.93447239316134
211,103000542,D,CHATSWORTH ROAD,1.299700019895312,103.82447173073814,1.2995966073516918,103.82492836261135
212,103000543,D,CHATSWORTH ROAD,1.2995966073516918,103.82492836261135,1.299700019895312,103.82447173073814
213,103000550,C,QUEEN STREET,1.2995260904869215,103.85348852047383,1.3003646841996643,103.85417742366865
214,103000551,C,QUEEN STREET,1.3003646841996643,103.85417742366865,1.2995260904869215,103.85348852047383
215,103000554,D,CHATSWORTH ROAD,1.299859186451872,103.82000765106312,1.2995256187143942,103.8196669425863
216,103000555,D,CHATSWORTH ROAD,1.2995256187143942,103.8196669425863,1.299859186451872,103.82000765106312
217,103000558,E,TANGLIN HILL,1.3011053085669935,103.81805296688717,1.3014774243966796,103.81754655338793
218,103000559,E,TANGLIN HILL,1.3014774243966796,103.81754655338793,1.3011053085669935,103.81805296688717
219,103000562,D,JAVA ROAD,1.301806472610639,103.86270975462338,1.3010613159329476,103.86316751887426
220,103000563,D,JAVA ROAD,1.3010613159329476,103.86316751887426,1.301806472610639,103.86270975462338
221,103000564,F,KAMPONG ARANG ROAD,1.3011202434375964,103.88493813701652,1.3010447762182693,103.88439916122353
222,103000568,F,KAMPONG ARANG ROAD,1.3010447762182693,103.88439916122353,1.301661818312337,103.88468093944955
223,103000574,E,KAMPONG ARANG ROAD,1.3010999072766916,103.88345318308859,1.3010447762182693,103.88439916122353
224,103000575,E,KAMPONG ARANG ROAD,1.3010447762182693,103.88439916122353,1.3010999072766916,103.88345318308859
225,103000576,C,GRANGE ROAD,1.2997159390706274,103.82516587459126,1.2997838115829037,103.82514573798137
226,103000582,C,GRANGE ROAD,1.3045514800189688,103.82322716383942,1.3045308153176574,103.82323542156517
227,103000583,C,GRANGE ROAD,1.3045308153176574,103.82323542156517,1.3045514800189688,103.82322716383942
228,103000586,C,GRANGE ROAD,1.3045308153176574,103.82323542156517,1.3039803203240277,103.82345537893475
229,103000587,C,GRANGE ROAD,1.3039803203240277,103.82345537893475,1.3045308153176574,103.82323542156517
230,103000590,C,STEVENS ROAD,1.3123210243571486,103.83235126377782,1.3115941685350712,103.83315772987676
231,103000591,C,STEVENS ROAD,1.3115941685350712,103.83315772987676,1.3123210243571486,103.83235126377782
232,103000594,C,ANG MO KIO AVENUE 8,1.3802644454971402,103.84603776256378,1.379102983292406,103.84700021880467
233,103000595,C,ANG MO KIO AVENUE 8,1.379102983292406,103.84700021880467,1.3802644454971402,103.84603776256378
234,103000598,C,ANG MO KIO AVENUE 8,1.379102983292406,103.84700021880467,1.3777027981180603,103.84756217854924
235,103000599,C,ANG MO KIO AVENUE 8,1.3777027981180603,103.84756217854924,1.379102983292406,103.84700021880467
236,103000602,C,ANG MO KIO AVENUE 8,1.3662705961072554,103.85128868333194,1.367423231286439,103.85063393131084
237,103000603,C,ANG MO KIO AVENUE 8,1.367423231286439,103.85063393131084,1.3662705961072554,103.85128868333194
238,103000606,C,ANG MO KIO AVENUE 8,1.367423231286439,103.85063393131084,1.368574220333337,103.84998011317111
239,103000607,C,ANG MO KIO AVENUE 8,1.368574220333337,103.84998011317111,1.367423231286439,103.85063393131084
240,103000610,C,BEDOK NORTH AVENUE 3,1.3353186430332342,103.9335643527379,1.3362098473363948,103.93335267093885
241,103000611,C,BEDOK NORTH AVENUE 3,1.3362098473363948,103.93335267093885,1.3353186430332342,103.9335643527379
242,103000614,C,BEDOK NORTH AVENUE 3,1.3362098473363948,103.93335267093885,1.3374601217637425,103.93309717189955
243,103000615,C,BEDOK NORTH AVENUE 3,1.3374601217637425,103.93309717189955,1.3362098473363948,103.93335267093885
244,103000626,D,JALAN BATU,1.3026531717253007,103.88251914863919,1.30192621857122,103.88332575871391
245,103000627,D,JALAN BATU,1.30192621857122,103.88332575871391,1.3026531717253007,103.88251914863919
246,103000634,B,PRINSEP STREET,1.3010823775748162,103.8508158905501,1.3018059374798563,103.85141396748956
247,103000635,B,PRINSEP STREET,1.3018059374798563,103.85141396748956,1.3010823775748162,103.8508158905501
248,103000638,C,ANG MO KIO AVENUE 8,1.373800752801476,103.84807630025367,1.3738803459530748,103.84806725212309
249,103000639,C,ANG MO KIO AVENUE 8,1.3738803459530748,103.84806725212309,1.373800752801476,103.84807630025367
250,103000642,C,ANG MO KIO AVENUE 8,1.380684897925153,103.8451761128162,1.3806504496395628,103.84538452798964
251,103000643,C,ANG MO KIO AVENUE 8,1.3806504496395628,103.84538452798964,1.380684897925153,103.8451761128162
252,103000646,C,ANG MO KIO AVENUE 8,1.3806409717745074,103.84540967903897,1.3802644454971402,103.84603776256378
253,103000647,C,ANG MO KIO AVENUE 8,1.3802644454971402,103.84603776256378,1.3806409717745074,103.84540967903897
254,103000648,D,DORSET ROAD,1.3135747759643635,103.85056989112493,1.3133901063939397,103.85032404665321
255,103000652,D,DORSET ROAD,1.3139573638553332,103.85107793387837,1.3135747759643635,103.85056989112493
256,103000656,D,KOEK ROAD,1.3015437525944837,103.84091228655736,1.3008488303169885,103.84068798960408
257,103000660,D,KOEK ROAD,1.3008488303169885,103.84068798960408,1.3007305484074356,103.8407011799061
258,103000666,D,CHATSWORTH AVENUE,1.3013080492862406,103.8196580733416,1.3010301634253092,103.81935013436056
259,103000667,D,CHATSWORTH AVENUE,1.3010301634253092,103.81935013436056,1.3013080492862406,103.8196580733416
260,103000670,D,CHATSWORTH AVENUE,1.3010301634253092,103.81935013436056,1.301661814609994,103.81892884778986
261,103000671,D,CHATSWORTH AVENUE,1.301661814609994,103.81892884778986,1.3010301634253092,103.81935013436056
262,103000674,E,GRANGE GARDEN,1.3010236529646493,103.82333385320139,1.3011896344812637,103.82423937068208
263,103000675,E,GRANGE GARDEN,1.3011896344812637,103.82423937068208,1.3010236529646493,103.82333385320139
264,103000678,C,GRANGE ROAD,1.3010236529646493,103.82333385320139,1.302429931449246,103.82340946928127
265,103000679,C,GRANGE ROAD,1.302429931449246,103.82340946928127,1.3010236529646493,103.82333385320139
266,103000682,E,WALSHE ROAD,1.3125573734728961,103.82752137157676,1.313527241870939,103.82776519981492
267,103000683,E,WALSHE ROAD,1.313527241870939,103.82776519981492,1.3125573734728961,103.82752137157676
268,103000686,E,WALSHE ROAD,1.3125573734728961,103.82752137157676,1.3128379691247396,103.82687900682744
269,103000687,E,WALSHE ROAD,1.3128379691247396,103.82687900682744,1.3125573734728961,103.82752137157676
270,103000690,C,ANG MO KIO AVENUE 8,1.3758474480274783,103.8478437532391,1.376136862862823,103.84781087621323
271,103000691,C,ANG MO KIO AVENUE 8,1.376136862862823,103.84781087621323,1.3758474480274783,103.8478437532391
272,103000694,C,BEDOK NORTH AVENUE 1,1.3244923386287593,103.9271573268364,1.324804408829976,103.92711737993756
273,103000695,C,BEDOK NORTH AVENUE 1,1.324804408829976,103.92711737993756,1.3244923386287593,103.9271573268364
274,103000698,C,BEDOK NORTH AVENUE 1,1.324804408829976,103.92711737993756,1.3253879069403292,103.92704270518263
275,103000699,C,BEDOK NORTH AVENUE 1,1.3253879069403292,103.92704270518263,1.324804408829976,103.92711737993756
276,103000702,C,BEDOK NORTH AVENUE 3,1.3374601217637425,103.93309717189955,1.337960130498252,103.93298866434807
277,103000703,C,BEDOK NORTH AVENUE 3,1.337960130498252,103.93298866434807,1.3374601217637425,103.93309717189955
278,103000706,C,BEDOK NORTH AVENUE 3,1.332470690656717,103.93410855531661,1.3331261420447007,103.93398349405123
279,103000707,C,BEDOK NORTH AVENUE 3,1.3331261420447007,103.93398349405123,1.332470690656717,103.93410855531661
280,103000710,C,BEDOK NORTH AVENUE 3,1.331517421090297,103.93429044700035,1.3305807737063633,103.93447239316134
281,103000711,C,BEDOK NORTH AVENUE 3,1.3305807737063633,103.93447239316134,1.331517421090297,103.93429044700035
282,103000714,E,FERNHILL CRESCENT,1.3125268779505506,103.82436435407683,1.3135710366962168,103.82365928526495
283,103000715,E,FERNHILL CRESCENT,1.3135710366962168,103.82365928526495,1.3125268779505506,103.82436435407683
284,103000718,E,FERNHILL CRESCENT,1.3125268779505506,103.82436435407683,1.3127715602878596,103.82367702570646
285,103000719,E,FERNHILL CRESCENT,1.3127715602878596,103.82367702570646,1.3125268779505506,103.82436435407683
286,103000720,E,PETAIN ROAD,1.312526882962598,103.85772496096,1.3128994765010902,103.85727722633219
287,103000726,E,LORONG TAHAR,1.3124852352944107,103.87542930190754,1.312609280269797,103.87582290449367
288,103000727,E,LORONG TAHAR,1.312609280269797,103.87582290449367,1.3124852352944107,103.87542930190754
289,103000732,E,PETAIN ROAD,1.3123222590147685,103.85796897801305,1.312526882962598,103.85772496096
290,103000738,E,WINSTEDT DRIVE,1.3108593785553044,103.84350297459066,1.3101593752468101,103.84297256751098
291,103000739,E,WINSTEDT DRIVE,1.3101593752468101,103.84297256751098,1.3108593785553044,103.84350297459066
292,103000742,E,WINSTEDT DRIVE,1.3104800021662708,103.84230465051553,1.3101593752468101,103.84297256751098
293,103000743,E,WINSTEDT DRIVE,1.3101593752468101,103.84297256751098,1.3104800021662708,103.84230465051553
294,103000746,D,DRAYCOTT PARK,1.3101476274410442,103.83149312374148,1.3105190500950636,103.83157663459096
295,103000747,D,DRAYCOTT PARK,1.3105190500950636,103.83157663459096,1.3101476274410442,103.83149312374148
296,103000750,E,LADY HILL ROAD,1.3103806026536704,103.8241463378636,1.3105467476055914,103.82289491045184
297,103000751,E,LADY HILL ROAD,1.3105467476055914,103.82289491045184,1.3103806026536704,103.8241463378636
298,103000754,E,PASAR LANE,1.3049729085760269,103.85548999567351,1.305445507613457,103.85592178752432
299,103000755,E,PASAR LANE,1.305445507613457,103.85592178752432,1.3049729085760269,103.85548999567351
300,103000758,E,WELD ROAD,1.3049729085760269,103.85548999567351,1.305277654723263,103.85522047922288
301,103000759,E,WELD ROAD,1.305277654723263,103.85522047922288,1.3049729085760269,103.85548999567351
302,103000762,E,WILKINSON ROAD,1.3022870043432744,103.8856082959333,1.302366905524733,103.88686503022434
303,103000763,E,WILKINSON ROAD,1.302366905524733,103.88686503022434,1.3022870043432744,103.8856082959333
304,103000766,E,SHERWOOD ROAD,1.3048813899663965,103.81904560462948,1.3054979109686005,103.81861041689989
305,103000767,E,SHERWOOD ROAD,1.3054979109686005,103.81861041689989,1.3048813899663965,103.81904560462948
306,103000768,C,BIDEFORD ROAD,1.304865918473938,103.836845680642,1.3052352879030098,103.83703400759208
307,103000774,E,SHERWOOD ROAD,1.3048813899663965,103.81904560462948,1.3048570162708006,103.8188603154509
308,103000775,E,SHERWOOD ROAD,1.3048570162708006,103.8188603154509,1.3048813899663965,103.81904560462948
309,103000778,E,WIMBORNE ROAD,1.3048447737796065,103.88599980938392,1.3048700607466412,103.88638311181344
310,103000779,E,WIMBORNE ROAD,1.3048700607466412,103.88638311181344,1.3048447737796065,103.88599980938392
311,103000782,E,WIMBORNE ROAD,1.3048447737796065,103.88599980938392,1.3054374136970703,103.88595734741624
312,103000783,E,WIMBORNE ROAD,1.3054374136970703,103.88595734741624,1.3048447737796065,103.88599980938392
313,103000786,D,BEDOK NORTH AVENUE 4,1.3361429287690658,103.94374496770426,1.336497586014281,103.94409316516534
314,103000787,D,BEDOK NORTH AVENUE 4,1.336497586014281,103.94409316516534,1.3361429287690658,103.94374496770426
315,103000792,F,SCOTTS ROAD,1.3057800978363552,103.83226794405363,1.3048026423179848,103.83228309396262
316,103000798,B,SUNGEI ROAD,1.3047845551566757,103.85663682706912,1.3051147088162958,103.8569308256185
317,103000799,B,SUNGEI ROAD,1.3051147088162958,103.8569308256185,1.3047845551566757,103.85663682706912
318,103000802,E,PITT STREET,1.3052169542710033,103.85617451974063,1.3047845551566757,103.85663682706912
319,103000803,E,PITT STREET,1.3047845551566757,103.85663682706912,1.3052169542710033,103.85617451974063
320,103000806,E,KAY SIANG ROAD,1.2981535674737417,103.81050245388612,1.2982810361681365,103.81033620407007
321,103000807,E,KAY SIANG ROAD,1.2982810361681365,103.81033620407007,1.2981535674737417,103.81050245388612
322,103000810,B,TANJONG RHU ROAD,1.29805905086128,103.88406707129168,1.29970190934658,103.88411348692426
323,103000811,B,TANJONG RHU ROAD,1.29970190934658,103.88411348692426,1.29805905086128,103.88406707129168
324,103000814,E,KAY SIANG ROAD,1.2982810361681365,103.81033620407007,1.2980452392774777,103.81013262302979
325,103000815,E,KAY SIANG ROAD,1.2980452392774777,103.81013262302979,1.2982810361681365,103.81033620407007
326,103000818,E,KAY SIANG ROAD,1.2980452392774777,103.81013262302979,1.2982246918341682,103.8100743238392
327,103000819,E,KAY SIANG ROAD,1.2982246918341682,103.8100743238392,1.2980452392774777,103.81013262302979
328,103000822,E,ONE TREE HILL,1.3010091268966202,103.8253010925262,1.3013868725098114,103.8257790456515
329,103000823,E,ONE TREE HILL,1.3013868725098114,103.8257790456515,1.3010091268966202,103.8253010925262
330,103000826,E,LENGKOK MERAK,1.3010091268966202,103.8253010925262,1.3019154913408086,103.82562409886084
331,103000827,E,LENGKOK MERAK,1.3019154913408086,103.82562409886084,1.3010091268966202,103.8253010925262
332,103000830,E,RIDLEY PARK,1.3009866921398463,103.81411709648594,1.3013910245397402,103.8141127804082
333,103000831,E,RIDLEY PARK,1.3013910245397402,103.8141127804082,1.3009866921398463,103.81411709648594
334,103000834,E,GOODMAN ROAD,1.3022870043432744,103.8856082959333,1.3031834748663926,103.88554985502151
335,103000835,E,GOODMAN ROAD,1.3031834748663926,103.88554985502151,1.3022870043432744,103.8856082959333
336,103000838,E,JALAN TUPAI,1.3022836478769049,103.82877814631033,1.3025271098303324,103.82774617488765
337,103000839,E,JALAN TUPAI,1.3025271098303324,103.82774617488765,1.3022836478769049,103.82877814631033
338,103000842,C,BIDEFORD ROAD,1.303367431108309,103.83695623568973,1.3022825552999076,103.83682781397152
339,103000843,C,BIDEFORD ROAD,1.3022825552999076,103.83682781397152,1.303367431108309,103.83695623568973
340,103000844,E,CABLE ROAD,1.2960654096709168,103.82596149276202,1.2950687499722084,103.82457458512825
341,103000850,E,CABLE ROAD,1.2950687499722084,103.82457458512825,1.296280223288126,103.82330040109034
342,103000851,E,CABLE ROAD,1.296280223288126,103.82330040109034,1.2950687499722084,103.82457458512825
343,103000854,E,JALAN KUALA,1.2959196449682264,103.8354990479806,1.2950148913365573,103.83540405321959
344,103000855,E,JALAN KUALA,1.2950148913365573,103.83540405321959,1.2959196449682264,103.8354990479806
345,103000858,D,CARPENTER STREET,1.2885670134046823,103.84714396212335,1.2876813975832344,103.8484550719313
346,103000859,D,CARPENTER STREET,1.2876813975832344,103.8484550719313,1.2885670134046823,103.84714396212335
347,103000862,E,HOOPER ROAD,1.3115598539922761,103.84356326107677,1.3109616270123052,103.8432595670941
348,103000863,E,HOOPER ROAD,1.3109616270123052,103.8432595670941,1.3115598539922761,103.84356326107677
349,103000864,E,HAMILTON ROAD,1.3120101853447135,103.86178507739291,1.3109572673338927,103.86038505459275
350,103000870,E,HORNE ROAD,1.3109572673338927,103.86038505459275,1.3113764532698613,103.86002491168635
351,103000871,E,HORNE ROAD,1.3113764532698613,103.86002491168635,1.3109572673338927,103.86038505459275
352,103000874,C,BEDOK RESERVOIR ROAD,1.338115027636161,103.93370315844263,1.3383570201169084,103.93428755405625
353,103000875,C,BEDOK RESERVOIR ROAD,1.3383570201169084,103.93428755405625,1.338115027636161,103.93370315844263
354,103000878,E,ANGULLIA PARK,1.3041457908670204,103.82980042827975,1.3031629356028471,103.82935354671685
355,103000879,E,ANGULLIA PARK,1.3031629356028471,103.82935354671685,1.3041457908670204,103.82980042827975
356,103000882,E,ANGULLIA PARK,1.3031629356028471,103.82935354671685,1.3022836478769049,103.82877814631033
357,103000883,E,ANGULLIA PARK,1.3022836478769049,103.82877814631033,1.3031629356028471,103.82935354671685
358,103000886,C,BEDOK RESERVOIR ROAD,1.3325819300928987,103.91292220139155,1.3331715249190608,103.91363120796856
359,103000887,C,BEDOK RESERVOIR ROAD,1.3331715249190608,103.91363120796856,1.3325819300928987,103.91292220139155
360,103000890,C,BEDOK RESERVOIR ROAD,1.3331715249190608,103.91363120796856,1.3340305501607592,103.91398715396191
361,103000891,C,BEDOK RESERVOIR ROAD,1.3340305501607592,103.91398715396191,1.3331715249190608,103.91363120796856
362,103000894,C,BEDOK RESERVOIR ROAD,1.3316242065559465,103.91016444097393,1.3319487918753772,103.91158861675343
363,103000895,C,BEDOK RESERVOIR ROAD,1.3319487918753772,103.91158861675343,1.3316242065559465,103.91016444097393
364,103000898,C,BEDOK RESERVOIR ROAD,1.3442572577298928,103.93831348602518,1.3443948102538565,103.9383384628674
365,103000899,C,BEDOK RESERVOIR ROAD,1.3443948102538565,103.9383384628674,1.3442572577298928,103.93831348602518
366,103000902,C,BEDOK RESERVOIR ROAD,1.3378762966441458,103.91604470688691,1.3380931134273595,103.91723161005793
367,103000903,C,BEDOK RESERVOIR ROAD,1.3380931134273595,103.91723161005793,1.3378762966441458,103.91604470688691
368,103000906,C,BEDOK RESERVOIR ROAD,1.3380931134273595,103.91723161005793,1.3381325711963585,103.91748274929562
369,103000907,C,BEDOK RESERVOIR ROAD,1.3381325711963585,103.91748274929562,1.3380931134273595,103.91723161005793
370,103000910,C,BEDOK RESERVOIR ROAD,1.3313291785543604,103.90713830378151,1.3316420691276942,103.90777636841813
371,103000911,C,BEDOK RESERVOIR ROAD,1.3316420691276942,103.90777636841813,1.3313291785543604,103.90713830378151
372,103000914,C,BEDOK RESERVOIR ROAD,1.3316420691276942,103.90777636841813,1.3316948986769936,103.90935878927051
373,103000915,C,BEDOK RESERVOIR ROAD,1.3316948986769936,103.90935878927051,1.3316420691276942,103.90777636841813
374,103000918,C,BEDOK RESERVOIR ROAD,1.3439953924596793,103.93826570742942,1.3442572577298928,103.93831348602518
375,103000919,C,BEDOK RESERVOIR ROAD,1.3442572577298928,103.93831348602518,1.3439953924596793,103.93826570742942
376,103000922,C,BEDOK RESERVOIR ROAD,1.3368459227822735,103.91349383891486,1.3375156304908398,103.91487885234604
377,103000923,C,BEDOK RESERVOIR ROAD,1.3375156304908398,103.91487885234604,1.3368459227822735,103.91349383891486
378,103000926,C,BEDOK RESERVOIR ROAD,1.3375156304908398,103.91487885234604,1.3378762966441458,103.91604470688691
379,103000927,C,BEDOK RESERVOIR ROAD,1.3378762966441458,103.91604470688691,1.3375156304908398,103.91487885234604
380,103000930,E,TALMA ROAD,1.3108981274496783,103.87714337370616,1.3110113702489334,103.87775037224722
381,103000931,E,TALMA ROAD,1.3110113702489334,103.87775037224722,1.3108981274496783,103.87714337370616
382,103000936,F,ORANGE GROVE ROAD,1.3141261346143287,103.82596500741973,1.3147932311346617,103.82629209573213
383,103000942,D,TESSENSOHN ROAD,1.3148829614655,103.85573716606248,1.3141337207319783,103.85491622616078
384,103000943,D,TESSENSOHN ROAD,1.3141337207319783,103.85491622616078,1.3148829614655,103.85573716606248
385,103000950,E,KELANTAN LANE,1.3068028767465807,103.85699202345181,1.306434127199633,103.85739940333855
386,103000951,E,KELANTAN LANE,1.306434127199633,103.85739940333855,1.3068028767465807,103.85699202345181
387,103000952,E,KAMPONG KAPOR ROAD,1.3064163082912195,103.85365896674597,1.3069081713629047,103.85399994248284
388,103000956,D,UPPER WELD ROAD,1.3064163082912195,103.85365896674597,1.306893179904927,103.85364561816444
389,103000960,E,VEERASAMY ROAD,1.306396727200617,103.85594795272537,1.3070728937390994,103.85490426894879
390,103000966,D,RACE COURSE ROAD,1.306712724555774,103.84974167110374,1.3065860327220915,103.84964712513366
391,103000967,D,RACE COURSE ROAD,1.3065860327220915,103.84964712513366,1.306712724555774,103.84974167110374
392,103000970,E,LINCOLN ROAD,1.3135785082460492,103.84261502964878,1.3147915862600077,103.84277519172518
393,103000971,E,LINCOLN ROAD,1.3147915862600077,103.84277519172518,1.3135785082460492,103.84261502964878
394,103000974,E,LINCOLN ROAD,1.3147915862600077,103.84277519172518,1.315854648211366,103.84294233512517
395,103000975,E,LINCOLN ROAD,1.315854648211366,103.84294233512517,1.3147915862600077,103.84277519172518
396,103000978,E,MINTO ROAD,1.3024905994868776,103.86174068091944,1.3029220018190328,103.86232921536688
397,103000979,E,MINTO ROAD,1.3029220018190328,103.86232921536688,1.3024905994868776,103.86174068091944
398,103000980,C,BIDEFORD ROAD,1.302472770809991,103.83647688713734,1.303367431108309,103.83695623568973
399,103000986,E,KANDAHAR STREET,1.3030837729876676,103.85917081005064,1.3024623974822258,103.85961424505442
400,103000987,E,KANDAHAR STREET,1.3024623974822258,103.85961424505442,1.3030837729876676,103.85917081005064
401,103000988,E,CUPPAGE ROAD,1.3024590972915757,103.84059908315483,1.3028799250818761,103.84069188619374
402,103000994,E,CUPPAGE ROAD,1.3024590972915757,103.84059908315483,1.3026246610998955,103.83996913104441
403,103000995,E,CUPPAGE ROAD,1.3026246610998955,103.83996913104441,1.3024590972915757,103.84059908315483
404,103000998,E,ARTHUR ROAD,1.3024467879891048,103.88812157587378,1.3033228152989749,103.8882730626597
405,103000999,E,ARTHUR ROAD,1.3033228152989749,103.8882730626597,1.3024467879891048,103.88812157587378
406,103001002,C,BEDOK RESERVOIR ROAD,1.34033817545588,103.93636757240168,1.3414544578880896,103.93700564947514
407,103001003,C,BEDOK RESERVOIR ROAD,1.3414544578880896,103.93700564947514,1.34033817545588,103.93636757240168
408,103001006,C,BEDOK RESERVOIR ROAD,1.3414544578880896,103.93700564947514,1.3425987954630587,103.93759652704715
409,103001007,C,BEDOK RESERVOIR ROAD,1.3425987954630587,103.93759652704715,1.3414544578880896,103.93700564947514
410,103001010,C,BEDOK RESERVOIR ROAD,1.3379520601149266,103.93151372717654,1.3378617043922947,103.93242761921088
411,103001011,C,BEDOK RESERVOIR ROAD,1.3378617043922947,103.93242761921088,1.3379520601149266,103.93151372717654
412,103001014,C,JALAN SULTAN,1.3041716079250012,103.86070305839088,1.3033318543866834,103.8612214025896
413,103001015,C,JALAN SULTAN,1.3033318543866834,103.8612214025896,1.3041716079250012,103.86070305839088
414,103001018,C,BISHAN ROAD,1.349455495087144,103.84747160828421,1.3508288520103235,103.84777910458106
415,103001019,C,BISHAN ROAD,1.3508288520103235,103.84777910458106,1.349455495087144,103.84747160828421
416,103001022,C,BISHAN ROAD,1.3488913352141585,103.84734529408348,1.349455495087144,103.84747160828421
417,103001023,C,BISHAN ROAD,1.349455495087144,103.84747160828421,1.3488913352141585,103.84734529408348
418,103001034,C,BOON LAY AVENUE,1.3472543044108394,103.71041686476453,1.3458977909039784,103.70976275448838
419,103001035,C,BOON LAY AVENUE,1.3458977909039784,103.70976275448838,1.3472543044108394,103.71041686476453
420,103001038,C,BOON LAY AVENUE,1.3458977909039784,103.70976275448838,1.3455495249467528,103.70930947581078
421,103001039,C,BOON LAY AVENUE,1.3455495249467528,103.70930947581078,1.3458977909039784,103.70976275448838
422,103001042,C,BOON LAY AVENUE,1.3440545475479635,103.70714324306503,1.344343928501278,103.7075515692584
423,103001043,C,BOON LAY AVENUE,1.344343928501278,103.7075515692584,1.3440545475479635,103.70714324306503
424,103001044,F,MOULMEIN ROAD,1.31886026171601,103.84792388137056,1.319450709571759,103.84838600107199
425,103001048,F,MOULMEIN ROAD,1.3190500932755969,103.85122896251939,1.3189656799602085,103.85242780063555
426,103001054,E,WORCESTER ROAD,1.313358012769702,103.85249622747389,1.313597881369882,103.85314368834017
427,103001055,E,WORCESTER ROAD,1.313597881369882,103.85314368834017,1.313358012769702,103.85249622747389
428,103001058,E,WINSTEDT DRIVE,1.3099261678549536,103.84267399691635,1.3101593752468101,103.84297256751098
429,103001059,E,WINSTEDT DRIVE,1.3101593752468101,103.84297256751098,1.3099261678549536,103.84267399691635
430,103001066,D,DRAYCOTT PARK,1.3099035483864083,103.83141667541084,1.3101476274410442,103.83149312374148
431,103001067,D,DRAYCOTT PARK,1.3101476274410442,103.83149312374148,1.3099035483864083,103.83141667541084
432,103001070,D,DRAYCOTT PARK,1.3099035483864083,103.83141667541084,1.3101156398782912,103.83126111851554
433,103001071,D,DRAYCOTT PARK,1.3101156398782912,103.83126111851554,1.3099035483864083,103.83141667541084
434,103001074,D,NASSIM ROAD,1.31058157265364,103.82052243609898,1.3098953706522087,103.8210801506698
435,103001075,D,NASSIM ROAD,1.3098953706522087,103.8210801506698,1.31058157265364,103.82052243609898
436,103001076,C,STEVENS ROAD,1.310822121421863,103.83333771825176,1.3098922536055888,103.83345390955975
437,103001082,D,KING GEORGES AVENUE,1.3077282875177416,103.85955238978066,1.3072420606194894,103.85909560812084
438,103001083,D,KING GEORGES AVENUE,1.3072420606194894,103.85909560812084,1.3077282875177416,103.85955238978066
439,103001086,E,MAUDE ROAD,1.3072420606194894,103.85909560812084,1.3078794361010724,103.85846810483393
440,103001087,E,MAUDE ROAD,1.3078794361010724,103.85846810483393,1.3072420606194894,103.85909560812084
441,103001088,E,BUFFALO ROAD,1.3071850894685886,103.8501717998829,1.307272894948953,103.85006617620294
442,103001094,D,CLUNY ROAD,1.3071188143532448,103.81885660049718,1.3079617809120705,103.81871264830949
443,103001095,D,CLUNY ROAD,1.3079617809120705,103.81871264830949,1.3071188143532448,103.81885660049718
444,103001098,C,CAIRNHILL ROAD,1.307170122823936,103.83645862549653,1.3073852522841434,103.8370603471685
445,103001099,C,CAIRNHILL ROAD,1.3073852522841434,103.8370603471685,1.307170122823936,103.83645862549653
446,103001100,F,MOULMEIN ROAD,1.3185545940225802,103.84476840899393,1.3181085280127,103.84414294327067
447,103001106,E,CHANDER ROAD,1.309299949684641,103.85222615590367,1.3100042924352346,103.85269430495329
448,103001107,E,CHANDER ROAD,1.3100042924352346,103.85269430495329,1.309299949684641,103.85222615590367
449,103001110,E,HORNE ROAD,1.309384725200985,103.8617179711374,1.3092891871958876,103.86179915389253
450,103001111,E,HORNE ROAD,1.3092891871958876,103.86179915389253,1.309384725200985,103.8617179711374
451,103001114,D,KITCHENER ROAD,1.3105239615560678,103.85656144683719,1.3092864620940106,103.85782331164867
452,103001115,D,KITCHENER ROAD,1.3092864620940106,103.85782331164867,1.3105239615560678,103.85656144683719
453,103001116,F,OLD AIRPORT ROAD,1.3065538078292014,103.88324038023666,1.305298120233709,103.8830242190826
454,103001120,D,UPPER WELD ROAD,1.3059928888694998,103.85425391832095,1.305277654723263,103.85522047922288
455,103001124,F,TANGLIN ROAD,1.3052748735326998,103.82352616140828,1.3055888686305448,103.82343904606199
456,103001128,F,NAPIER ROAD,1.3053978073470158,103.82220600682551,1.3052748735326998,103.82352616140828
457,103001134,C,BISHAN ROAD,1.3508288520103235,103.84777910458106,1.3522028690601513,103.84808674500522
458,103001135,C,BISHAN ROAD,1.3522028690601513,103.84808674500522,1.3508288520103235,103.84777910458106
459,103001138,D,KALLANG AVENUE,1.3121234483919337,103.86683186105031,1.3114124898343449,103.86824892611672
460,103001139,D,KALLANG AVENUE,1.3114124898343449,103.86824892611672,1.3121234483919337,103.86683186105031
461,103001142,D,KALLANG AVENUE,1.3114124898343449,103.86824892611672,1.3104938696843227,103.86714226096593
462,103001143,D,KALLANG AVENUE,1.3104938696843227,103.86714226096593,1.3114124898343449,103.86824892611672
463,103001146,C,BISHAN ROAD,1.3570406703029732,103.85029407367034,1.3580342639922915,103.85088952430387
464,103001147,C,BISHAN ROAD,1.3580342639922915,103.85088952430387,1.3570406703029732,103.85029407367034
465,103001150,C,BISHAN ROAD,1.3580342639922915,103.85088952430387,1.3590278665630788,103.8514849754271
466,103001151,C,BISHAN ROAD,1.3590278665630788,103.8514849754271,1.3580342639922915,103.85088952430387
467,103001154,C,BEDOK RESERVOIR ROAD,1.3378617043922947,103.93242761921088,1.3378966589737933,103.93262667800124
468,103001155,C,BEDOK RESERVOIR ROAD,1.3378966589737933,103.93262667800124,1.3378617043922947,103.93242761921088
469,103001158,C,BEDOK SOUTH ROAD,1.3231419719897588,103.92735082418997,1.3227290456435956,103.927430968462
470,103001159,C,BEDOK SOUTH ROAD,1.3227290456435956,103.927430968462,1.3231419719897588,103.92735082418997
471,103001162,C,BISHAN ROAD,1.3590278665630788,103.8514849754271,1.3594359952743287,103.85172955927906
472,103001163,C,BISHAN ROAD,1.3594359952743287,103.85172955927906,1.3590278665630788,103.8514849754271
473,103001166,C,BISHAN ROAD,1.3594359952743287,103.85172955927906,1.359624970370861,103.85184280704898
474,103001167,C,BISHAN ROAD,1.359624970370861,103.85184280704898,1.3594359952743287,103.85172955927906
475,103001170,C,BEDOK SOUTH ROAD,1.3184325030791815,103.92983778059923,1.3184072069631432,103.93009678674385
476,103001171,C,BEDOK SOUTH ROAD,1.3184072069631432,103.93009678674385,1.3184325030791815,103.92983778059923
477,103001174,C,BISHAN ROAD,1.3481248602480003,103.84716987236547,1.3467011842705927,103.84688060830581
478,103001175,C,BISHAN ROAD,1.3467011842705927,103.84688060830581,1.3481248602480003,103.84716987236547
479,103001178,E,LYNDHURST ROAD,1.3033040994320206,103.88806880482987,1.3024467879891048,103.88812157587378
480,103001179,E,LYNDHURST ROAD,1.3024467879891048,103.88812157587378,1.3033040994320206,103.88806880482987
481,103001180,C,ORCHARD BOULEVARD,1.3026957990927432,103.82405852392625,1.302429931449246,103.82340946928127
482,103001186,C,GRANGE ROAD,1.302429931449246,103.82340946928127,1.303054784356424,103.82344916460241
483,103001187,C,GRANGE ROAD,1.303054784356424,103.82344916460241,1.302429931449246,103.82340946928127
484,103001188,E,JALAN PINANG,1.303163123791825,103.8580933193693,1.3024251106240274,103.85872812577652
485,103001194,E,TANGLIN HILL,1.3023244753572962,103.81556923519429,1.303289677502834,103.8156809896024
486,103001195,E,TANGLIN HILL,1.303289677502834,103.8156809896024,1.3023244753572962,103.81556923519429
487,103001198,D,ALBERT STREET,1.3023118710455295,103.85316975650862,1.3029486225222129,103.85235039535674
488,103001199,D,ALBERT STREET,1.3029486225222129,103.85235039535674,1.3023118710455295,103.85316975650862
489,103001200,F,PARLIAMENT PLACE,1.2891926275810617,103.85120581188629,1.2893271856836854,103.85153421166655
490,103001206,E,RANGOON LANE,1.3162715531513092,103.85325411434806,1.3165492139574482,103.85401877433466
491,103001207,E,RANGOON LANE,1.3165492139574482,103.85401877433466,1.3162715531513092,103.85325411434806
492,103001210,D,DRAYCOTT DRIVE,1.309788142655336,103.83177866474172,1.309632040452508,103.8321281642356
493,103001211,D,DRAYCOTT DRIVE,1.309632040452508,103.8321281642356,1.309788142655336,103.83177866474172
494,103001212,F,DRAYCOTT DRIVE,1.309788142655336,103.83177866474172,1.3096279339357806,103.83110989321554
495,103001218,D,DRAYCOTT DRIVE,1.3096279339357806,103.83110989321554,1.309694857000047,103.83119447352243
496,103001219,D,DRAYCOTT DRIVE,1.309694857000047,103.83119447352243,1.3096279339357806,103.83110989321554
497,103001226,D,PADANG JERINGAU,1.3099051585628567,103.86554520014256,1.309253800591554,103.86611733337693
498,103001227,D,PADANG JERINGAU,1.309253800591554,103.86611733337693,1.3099051585628567,103.86554520014256
499,103001230,E,GUILLEMARD CRESCENT,1.309221657875194,103.88033745809436,1.3093222221148553,103.88087126937101
